:020000040800F2
:1000000070630020E1010008D33C0008ED320008D5
:10001000CF3C0008B12B0008775C0008000000000E
:10002000000000000000000000000000490100087E
:10003000A12D0008000000008D010008B147000854
:10004000FB010008FB010008FB010008FB010008A0
:10005000FB010008FB010008FB010008FB01000890
:10006000FB010008FB010008FB010008FB01000880
:10007000FB010008FB010008FB010008FB01000870
:10008000FB010008FB010008FB010008FB01000860
:10009000FB010008FB010008FB010008FB01000850
:1000A000FB010008FB010008FB010008FB01000840
:1000B000FB010008FB010008FB010008FB01000830
:1000C000FB010008FB010008FB010008FB01000820
:1000D000FB01000821570008E9580008D959000819
:1000E000FB010008FB010008FB010008FB01000800
:1000F000FB010008FB010008FB010008FB010008F0
:10010000FB010008FB010008FB010008FB010008DF
:100110008D54000855560008FB010008FB0100083B
:10012000FB010008FB010008FB010008FB010008BF
:10013000DFF810D000F08AFC00480047C1670008D3
:10014000AFF3008070630020224B19680868B0E8A4
:10015000F00F80F30988BFF36F8F4FF0000080F33A
:1001600011884EF00D0E7047000000000648006830
:10017000006880F3088862B661B6BFF34F8FBFF3A3
:100180006F8F00DF00BF00BF08ED00E0EFF30980D4
:10019000BFF36F8F0F4B1A6820E9F00F106008B59E
:1001A0004FF0500080F31188BFF34F8FBFF36F8F74
:1001B00007F036FF4FF0000080F31188BDE80840DB
:1001C00019680868B0E8F00F80F30988BFF36F8FF3
:1001D000704700BFA8000020EFF3058070470000C3
:1001E0000648804706480047FEE7FEE7FEE7FEE7D1
:1001F000FEE7FEE7FEE7FEE7FEE7FEE7C147000891
:100200003101000840EA01039B0703D009E008C957
:10021000121F08C0042AFAD203E011F8013B00F8CB
:10022000013B521EF9D27047F0B480EA0102D40FAC
:100230004200B2EB410F02D20246084611464A0084
:1002400042D0C30DDDB2C1F3C752AD1A202D35DA4D
:10025000C1F3160141F4000204B15242C5F1200677
:1002600002FA06F12A411044B3EBD05F23D0C4B1A7
:10027000012DA0EBC35009DCF0BC4FF0004202EAB4
:10028000C352DBB200F5000000F03EBB400000F1BD
:10029000807000EBC350A0F1807040EAD17049003B
:1002A00009E0490841EAC071A0EBC35000F5000025
:1002B000400800EBC350F0BC00F01DBB61420122BE
:1002C00002EB4101001BF6E7F0BC704781F00041F2
:1002D000AAE780F00040A7E780EA010210B502F02B
:1002E0000043400022D04A001FD0010E01EB1261F2
:1002F000C0F35600C2F3560240F4000042F400027C
:10030000A0FB022000047F39140400D0401C50EAF6
:10031000124001D44000491EC2B20C0604EBD010BA
:10032000401C4008802A02D003E0002010BD20F0CD
:100330000100002900DA0020184310BD30B480EA23
:10034000010202F0004530F0004221F0004013D0DD
:1003500090B1C30DD40DC2F31601C0F31600E41A18
:1003600041F4000140F400027D34914201D3641C49
:1003700000E04900002C02DA30BC002070474FF446
:1003800000000023914201D3891A034340084FEA39
:100390004101F7D151B1914202D14FF0004105E046
:1003A00002D24FF0010101E06FF0010103EBC450F4
:1003B000284430BC00F09FBA2DE9FE4F804681EA08
:1003C0000300C00F0C46009021F0004123F00045CF
:1003D000B8EB0200A94105D24046214690461C4692
:1003E0000B46024623F00040104347D0270DC7F3C9
:1003F0000A00C3F30A510290401A019040286BDAB8
:10040000C3F3130040F4801B0098924620B10023F0
:10041000D2EB030A63EB0B0B01985946C0F1400283
:10042000504600F037FA06460D4650465946019AA6
:1004300000F04FFA10EB08006141002487EA1152E6
:1004400084EAE7731A4340D0009A62B3019A012A02
:100450004FEA075215DC001B61EB02014FF000422E
:1004600002EA0752CDE90042001C41F580113246F4
:100470002B4600F086FA03B0BDE8F08F40462146D7
:10048000F9E7001B61EB0201001C41F58013001825
:100490005B412018A2F5001747EB030140EAD57035
:1004A000B6196D4111E06D084FEA360645EAC07590
:1004B0004FEA0752001B61EB0201001C41F580115D
:1004C00049084FEA30000019514132462B4603B02B
:1004D000BDE8F04F00F046BA00980122400000232A
:1004E000D0EB020263EBE073009821464FEAE07420
:1004F000B8EB000061EB0401E9E783F000435BE740
:1005000081F0004158E72DE9FE4F81EA030404F031
:10051000004421F0004100944FF0000B23F0004311
:1005200050EA01045ED052EA03045BD0C3F30A54DC
:10053000C1F30A552C44A4F2F3340194A0FB0254F5
:10054000C1F3130141F48011C3F3130343F4801387
:1005500001FB024400FB034E840A970A44EA8154DB
:1005600047EA8357A4FB076802958D0A05FB0785B8
:100570004FEA932C04FB0C542705029D4FEA0658C2
:1005800047EA1637B5EB08056EEB070C870E920E9F
:1005900047EA811742EA8312A7FB0201B6EB0B017F
:1005A00064EB00042B0D43EA0C335E1844EB1C5043
:1005B000DA465146E7FB0201C5F313044FEA0B3359
:1005C00043EA14534FEA0432019C43EA0603A4F1C0
:1005D0000C040294009CCDE900B400F0D2F903B001
:1005E000BDE8F08F00200146F9E72DE9F04D81EAE2
:1005F000030404F0004B21F0004514464FF0000ABC
:1006000023F0004150EA050220D054EA01021DD037
:10061000C5F30A570246C5F31303C1F31300C1F330
:100620000A5640F4801543F48013A7EB0608101B0C
:10063000D64608F2FD3873EB050002D308F1010835
:1006400001E092185B41B8F1000F03DA0020014687
:10065000BDE8F08D00204FF48011064684460EE080
:10066000171B73EB050705D3121B63EB050306434A
:100670004CEA010C49084FEA300092185B4150EAFD
:100680000107EDD152EA030012D082EA040083EAA6
:100690000501084305D0101BAB4106D201220023FF
:1006A00006E000224FF0004302E06FF00102531019
:1006B0001AEB06004CEB085110EB0A0041EB0B0162
:1006C000BDE8F04D00F04EB9C10F80EAE07008447B
:1006D000CA079623002100F017B90EB5C10F80EAB2
:1006E000E0700844CA07002140F233438DE80E0051
:1006F0000A460B4600F045F903B000BD0EB540F2C6
:10070000334102910021CDE900110A460B4600F069
:1007100038F903B000BD00F0004220F00040C10DE8
:10072000C0F3160040F400007F2901DA0020704772
:10073000962903DCC1F19601C84001E09639884052
:10074000002AF4D04042704720F00040C10DC0F3B1
:10075000160040F400007F2901DA00207047962936
:1007600003DCC1F19601C840704796398840704754
:1007700070B5C1F30A5201F000450024C1F3130122
:1007800040F2FF3341F480119A4201DA002070BD3B
:1007900040F233439A42A2F2334203DC524200F069
:1007A00088F800E090402C43F1D0404270BDC1F386
:1007B0000A5210B5C1F3130140F2FF3341F4801126
:1007C0009A4201DA002010BD40F233439A42A2F26D
:1007D000334203DC524200F06CF810BD904010BD73
:1007E00000F0004230F000400AD0C10D01F5607108
:1007F000C0F3160042EA0151C20840071143704796
:1008000000200146704701F0004330B421F0004160
:1008100050EA010206D00A0DA2F56072C1F313017D
:10082000002A02DC30BC00207047440F44EAC104B7
:10083000C100E01830BC00EBC25000F05CB8000012
:10084000002801DBC0F10040002901DBC1F10041BB
:1008500081427047002801DBC0F10040002901DB24
:10086000C1F100418842704730B50B460146002077
:100870002022012409E021FA02F59D4205D303FA62
:1008800002F5491B04FA02F52844151EA2F10102E3
:10089000F1DC30BD202A04DB203A00FA02F100200E
:1008A00070479140C2F1200320FA03F319439040AE
:1008B0007047202A04DB203A21FA02F00021704719
:1008C00021FA02F3D040C2F12002914008431946B8
:1008D0007047202A06DBCB17203A41FA02F043EAA0
:1008E000E07306E041FA02F3D040C2F120029140E9
:1008F0000843194670470029A8BF7047401C4900AB
:1009000008BF20F00100704710B4B0FA80FC00FA74
:100910000CF050EA010404BF10BC704749B1CCF19F
:10092000200421FA04F411FA0CF118BF012121432B
:100930000843A3EB0C01CB1D4FEA00614FEA1020E6
:1009400042BF002010BC704700EBC3501044002988
:10095000A4BF10BC7047401C490008BF20F0010034
:1009600010BC704710B5141E73F1000408DA401C67
:1009700041F1000192185B411A4301D120F00100BE
:1009800010BD2DE9F04D92469B4611B1B1FA81F2AE
:1009900002E0B0FA80F220329046FFF77BFF044677
:1009A0000F4640EA0A0041EA0B0153465A46084303
:1009B00013D0114653EA010019D0C8F14002504645
:1009C000FFF777FF05460E46504659464246FFF769
:1009D00061FF084305D0012004E020463946BDE808
:1009E000F08D0020054346EAE0762C4337430A9811
:1009F0006305E40AA0EB08000022FD0A44EA47541C
:100A00000A3002D500200146E9E7010510196941C5
:100A1000DDE9084500196941BDE8F04DA2E770B570
:100A200021F0004303430CD0C1F30A550024D5EB59
:100A3000040564EB0403D617AD1AB34102DB0020B2
:100A4000014670BD201841EB025170BD064C074DA8
:100A500006E0E06840F0010394E80700984710348E
:100A6000AC42F6D3FFF768FB109C0008309C0008EE
:100A700070B58C1810F8015B15F0070301D110F860
:100A8000013B2A1106D110F8012B03E010F8016B8D
:100A900001F8016B5B1EF9D12B0705D40023521E10
:100AA0000DD401F8013BFAE710F8013BCB1A921C78
:100AB00003E013F8015B01F8015B521EF9D5A14276
:100AC000D8D3002070BD21B1826842F0010282605B
:100AD00003E0826822F00102826070470146002034
:100AE0008A6802F004020AB1012000E00020704789
:100AF0000146C86C80B270470246002013680B4064
:100B00000BB1012000E000207047014600208A68F8
:100B100002F008020AB1012000E000207047000046
:100B200030B502460020002350680F4C20400D795C
:100B30000C6844EA05242043506090680B4C204028
:100B4000D1E902542C434D7944EA45042043906096
:100B5000D06A20F470000C7C641EE4B2234340EAA7
:100B60000350D06230BD0000FFFEF0FFFDF7F1FF43
:100B7000F0B504460D4600200021092D11DDE06886
:100B8000A5F10A0606EB4607072606FA07F1884391
:100B9000A5F10A0606EB460603FA06F10843E060F3
:100BA0000CE0206905EB4507072606FA07F18843A4
:100BB00005EB450603FA06F108432061072A0FDA20
:100BC000606B561E06EB86071F2606FA07F1884360
:100BD000561E06EB860605FA06F10843606322E01E
:100BE0000D2A0FDA206BD61F06EB86071F2606FAA2
:100BF00007F18843D61F06EB860605FA06F108437F
:100C0000206310E0E06AA2F10D0606EB86071F26BE
:100C100006FA07F18843A2F10D0606EB860605FAEF
:100C200006F10843E062F0BD816841F0080181608F
:100C3000704721B1826842F4A002826003E08268BA
:100C400022F4A00282607047816841F00401816053
:100C5000704700002DE9F84F83460C46002C35D034
:100C6000BBF1000F32D02046FFF72EFD0546584657
:100C7000FFF72AFD06462946FFF760FB8246002162
:100C80005046FFF7E7FD06D216495046FFF7D8FD5C
:100C900001D2DFF850A000215046FFF7D1FD06D267
:100CA00011495046FFF7D6FD01D2DFF83CA051466E
:100CB0000E48FFF743FB0090FFF792FD074605F053
:100CC0005DFC0546FFF79FFD814601E04FF00009FE
:100CD00007494846FFF700FB0546FFF71CFD00B239
:100CE000BDE8F88F3333B33E3333B3BE77BE1F3E18
:100CF00000007A4408B50121102003F0F3F84FF406
:100D00000050ADF8000010208DF8030003208DF88E
:100D100002006946044802F004FA4FF40051024808
:100D200002F0DBFA08BD00000010014010B53948A0
:100D300001F0B8FD00286BD036480078312816D174
:100D40003448007940B200EB400040003249C8808E
:100D50003048C07840B2A0EB8000400008812D48A8
:100D6000407840B2404200EB80002C49088029487E
:100D70000078322816D12748007940B200EB4000B5
:100D800040002549C8802348C07840B2A0EB8000CD
:100D9000400008811F48407840B2404200EB80008C
:100DA0001E4908801B48007833280FD11948C078A5
:100DB00040B2A0EB800040001749C88015488078F9
:100DC00040B2A0EB80004000144908801148007830
:100DD000412812D10F484078114908700D48807899
:100DE00048700C48C07888700A480079C870094873
:100DF0004079087107488079487106480078422890
:100E000006D104484078552802D1012005490870D0
:100E100010BD0000CC010020500100206000002027
:100E2000340000205F0000203C480078732874D113
:100E30003A480079C0F1800039490978484300B246
:100E40003849C8803548C078C0F1800034490978F5
:100E5000484300B23349088130484079C0F18000EE
:100E60008000314908802D48407800F0010018B119
:100E700001202E49087012E02C48007878B12C48E7
:100E80000078062805DA2A480078401C28490870AE
:100E900002E00120264908700020244908701F48FC
:100EA000407800F0020018B101202249087015E0D6
:100EB0002048007890B11A480078022805DD1848CB
:100EC0000078401E1649087005E002201449087099
:100ED0000120194908700020164908700F48407811
:100EE00000F0040018B101201449087015E01348FF
:100EF000007890B10A480078092805DA0848007897
:100F0000401C0749087005E00920054908700120C8
:100F100009490870002009490870704757000020EF
:100F20008F00002050010020600000208C00002075
:100F3000340000208D000020560000208E0000208C
:100F40002DE9F0412D4801F0EBF9002854D02B4851
:100F5000C089B0F5FA7F4FDA28480089B0F5FA7FEA
:100F600004DA4FF07F50264908600CE023480089DE
:100F7000B0F57A7F04DA4FF07E502149086002E034
:100F800020481F4908601D494988A1F57870FFF77E
:100F90009BFB05461A4801682846FFF79DF9044661
:100FA000FFF7B9FB00B21849C88014490988A1F5B8
:100FB0007870FFF789FB06461148006880F000450D
:100FC00031462846FFF788F90446FFF7A4FB00B234
:100FD0000D4908810949C988A1F57870FFF77DFBA3
:100FE00006464FF03332094BFFF78DFA0446FFF700
:100FF000BFFB00B206490880BDE8F081DC0100209B
:10100000900000203333333F500100203333E3BFDF
:101010006000002010B5042003F0B6FB0E48006805
:101020000E49B0FBF1F00E4908700B4800680B49FF
:10103000B0FBF1F44FF47A7044434FF0E0200069C4
:1010400040F002004FF0E021086108464461006969
:1010500040F00100086110BD1C00002040420F005C
:101060009400002010B504464FF47A7104FB01F09F
:1010700000F002F810BD000070B5034600224FF0EA
:10108000E02675690D4E367803FB06F44FF0E02636
:10109000B16910E04FF0E026B06988420BD0884279
:1010A00002D20E1A324402E02E1A0E443244014695
:1010B000A24200D300E0EDE700BF70BD9400002025
:1010C0004FF08040808C704700B587B001210D2023
:1010D00002F008FF0121284802F0AEF80820ADF820
:1010E000180004208DF81B0003208DF81A0006A9B3
:1010F000224802F016F84FF40040ADF8180006A997
:101100001F4802F00EF80121084602F0CBFE4FF016
:10111000804003F0CDFC03A804F022F80020ADF8D5
:101120000C004FF6FF70ADF810000020ADF8120073
:10113000ADF80E0003A94FF0804003F0BFFF00237D
:101140001A4603214FF0804003F0A6FD684603F0E5
:101150001BFE0620ADF8080069464FF0804003F002
:10116000BDFD00204FF0804188840121880703F0F5
:1011700083FC07B000BD000000031800000C014014
:10118000000801404FF08041888470470148008882
:10119000704700002404004000B587B001210920F9
:1011A00002F0A0FE3020ADF8180004208DF81B00DE
:1011B00003208DF81A0006A91D4801F0B2FF012195
:1011C000022002F06FFE01211A4802F035F81A4899
:1011D00003F06EFC03A803F0C3FF0020ADF80C0081
:1011E0004FF6FF70ADF810000020ADF81200ADF81A
:1011F0000E0003A9104803F061FF00231A460321E3
:101200000D4803F049FD684603F0BEFD0620ADF829
:1012100008006946084803F061FD002006492431B2
:1012200008800121044803F027FC07B000BD00003E
:10123000000C014000081A00000400400149088029
:1012400070470000240400402DE9F04104460D469B
:1012500016460448271832462946384601F082FED1
:10126000BDE8F08100F003082DE9F04104460D4689
:1012700016460448271832462946384601F0AAFE89
:10128000BDE8F08100F0030801464906084A92696A
:1012900042F00102064B9A61064A526822F0E0626F
:1012A000044B5A601A4652680A435A60704700005D
:1012B000001002400000014008B50121082002F0A2
:1012C00011FE0120ADF8000048208DF803006946AA
:1012D000014801F026FF08BD000C014003480068EA
:1012E00008B9012070470020FCE70000008121427E
:1012F00008B50121142002F0F5FD1020ADF8000022
:101300008DF8030003208DF8020069460A4801F0B9
:1013100008FF4FF48070ADF800006946074801F0FF
:1013200000FF1021044801F0DAFF4FF480710348F8
:1013300001F0D5FF08BD0000001001400008014089
:1013400010B516480078012802D102F08FFA24E087
:1013500012480078022802D102F092FA1DE00F48EC
:101360000078032802D102F001FB16E00B48007858
:10137000042802D102F002FB0FE00848007805289B
:1013800002D102F053FB08E004480078062802D19D
:1013900002F07EFB01E002F069FA10BD340000208B
:1013A00070B505462C46B4F5616F01DD4FF46164FC
:1013B00014F5616F00DA0D4C002C0BDD4FF4616108
:1013C0000B4803F046FEC4F5616081B2084803F0A3
:1013D00042FE0AE04FF46161054803F03CFE04F56B
:1013E000616081B2024803F034FE70BDF0F1FFFF8E
:1013F0000008004070B505462C46B4F5616F01DD6C
:101400004FF4616414F5616F00DA0D4C002C0BDDB4
:101410004FF461610B4803F020FEC4F5616081B2B6
:10142000084803F01CFE0AE04FF46161054803F030
:1014300016FE04F5616081B2024803F00EFE70BD35
:10144000F0F1FFFF0008004000B589B0012108203D
:1014500002F048FD4FF47070ADF8200018208DF8B0
:10146000230003208DF8220008A9274801F059FE27
:101470000121042002F016FD40F60F60ADF81800BF
:101480000020ADF81400ADF81A00ADF8160005A95B
:101490001E4803F013FE6020ADF804000120ADF8F3
:1014A00006000020ADF80A00ADF80C0001A91748AD
:1014B00003F074FC0821154803F0BCFC01A9134893
:1014C00003F0C2FC0821114803F010FD01A90F48E8
:1014D00003F01AFD08210D4803F066FD01A90B4831
:1014E00003F06CFD0821094803F0A6FD012107481F
:1014F00003F0B6FA0121054803F0BEFA01210348C2
:1015000003F0C6FA09B000BD000C0140000800401D
:101510001CB50446062269463B2002F0C4FB9DF838
:1015200001009DF8001040EA012000B220809DF8E3
:1015300003009DF8021040EA012000B260809DF88F
:1015400005009DF8041040EA012000B2A0801CBDF7
:101550001CB5044606226946432002F0A4FB9DF810
:1015600001009DF8001040EA012000B220809DF8A3
:1015700003009DF8021040EA012000B260809DF84F
:1015800005009DF8041040EA012000B2A0801CBDB7
:1015900008B50121042002F0A5FC4FF4C050ADF8BD
:1015A000000010208DF8030003208DF8020069462A
:1015B000164801F0B6FD0120154908601549C1F82B
:1015C000AC0180216B2002F079FB1348FFF754FD3A
:1015D00000216B2002F072FB18211B2002F06EFB31
:1015E00000211C2002F06AFB0021382002F066FB7B
:1015F0000021232002F062FB01216B2002F05EFB40
:1016000000216C2002F05AFB08BD000000080140D8
:10161000B001214200002142A086010010B504461D
:10162000E006010E1C2002F049FB10BD10B5044677
:1016300021461A2002F042FB10BD10B50446E00618
:10164000010E1B2002F03AFB10BD70B50446B4F544
:101650007A7F01DD4FF47A740A2C00DA0A244FF401
:101660007A7090FBF4F0401EC5B22946192002F0B2
:1016700025FB70BD70B5002415E004F1B001C8B2BF
:1016800002F07EFB002002F07BFB102002F078FBD2
:10169000002504E0002002F083FB681CC5B2802D09
:1016A000F8DB601CC4B2082CE7DB70BD2DE9F04705
:1016B00005460E46174698464FF000090024A7F14C
:1016C000200000F0FF097B2D2BDA082E29DAB8F173
:1016D000000F14D03146284602F03EFB00BF0BE05D
:1016E00009EB490104EB41010F4A515CC943C8B2FF
:1016F00002F056FB601CC4B2062CF1DB11E031464F
:10170000284602F029FB002409E009EB490104EB1B
:101710004101054A505C02F043FB601CC4B2062C38
:10172000F3DBBDE8F0870000189800082DE9F041D0
:1017300005460E4614461F460A2C07DA04F130000F
:10174000C2B23B4631462846FFF7B0FFBDE8F08104
:101750002DE9F05F05460E4617469846DDE90A9BDF
:101760007F2D01DC072E01DDBDE8F09FE819802800
:1017700003DC06EB0800082800DDF5E7BBF1000FED
:1017800018D0344613E02146284602F0E5FAAA466E
:1017900009E019F8012BD143C8B202F001FB0AF1AC
:1017A000010000F0FF0ABA45F3DB601CC4B24445F7
:1017B000E9DB15E0344611E02146284602F0CCFA78
:1017C000AA4607E019F8010B02F0EAFA0AF1010053
:1017D00000F0FF0ABA45F5DB601CC4B24445EBDB00
:1017E00000BFC1E72DE9F04104460D461646984674
:1017F00000277B2C14DA082D12DA0EE0F25D434646
:1018000029462046FFF752FFA01DC4B27A2C02DD04
:101810000024681CC5B2781CC7B2F05D0028EDD169
:10182000BDE8F0812DE9FE4F80468A4691461D466F
:10183000DDE90C7B002D76DDE8190A2873DAB9F1B1
:10184000000F02DAC9F1000600E04E460A20B6FB9E
:10185000F0F100FB11608DF801006420B6FBF0F19F
:1018600000FB11600A21B0FBF1F08DF802004FF48B
:101870007A70B6FBF0F100FB11606421B0FBF1F06F
:10188000C0B28DF8030042F21070B6FBF0F100FB1D
:1018900011604FF47A71B0FBF1F0C0B28DF8040022
:1018A0005948B6FBF0F100FB116042F21071B0FB39
:1018B000F1F0C0B28DF805005448B6FBF0F100FB22
:1018C00011605149B0FBF1F0C0B28DF806005048EC
:1018D000B6FBF0F100FB11604C49B0FBF1F0C0B277
:1018E0008DF807004B48B6FBF0F100FB116048494A
:1018F000B0FBF1F0C0B28DF808004748B6FBF0F13C
:1019000000FB11604349B0FBF1F0C0B28DF8090053
:10191000B9F1000F41DA00232D2251464046FFF76E
:10192000C5FE002412E037E0E919091B491E1DF825
:10193000012004EB440308F1060101EB4301C8B2A6
:101940005B465146FFF7F2FE601CC4B2681EA0421F
:10195000EADC002F56D005EB450108EB4101C8B287
:101960005B462E225146FFF7A1FE002412E005EB54
:10197000450108EB4101891D04EB440301EB4301E0
:10198000C8B2391B1DF801205B465146FFF7CEFE59
:10199000601CC4B2BC42EADB34E000240EE0E9196A
:1019A000091B1DF8012004EB440108EB4101C8B2FA
:1019B0005B465146FFF7BAFE601CC4B2AC42EEDB98
:1019C00007B305EB450108EB4101C8B25B462E2287
:1019D0005146FFF76BFE002412E005EB450108EBD2
:1019E0004101891D04EB440301EB4301C8B2391BDB
:1019F0001DF801205B465146FFF798FE601CC4B2FB
:101A0000BC42EADBBDE8FE8FA086010040420F0029
:101A10008096980000E1F50500CA9A3B00B587B0B2
:101A20000121042002F05EFAA020ADF8040003209A
:101A30008DF8060018208DF8070001A9544801F020
:101A400070FB1020ADF804008DF8070001A9504884
:101A500001F067FB4020ADF8040010208DF807006E
:101A600001A94B4801F05DFB0121080302F03AFA9D
:101A70000020ADF808004FF48270ADF80A00002095
:101A8000ADF80C000220ADF80E000120ADF81000FA
:101A90004002ADF812000020ADF81400ADF81600B9
:101AA0000720ADF8180002A93A4802F0DCFB01213A
:101AB000384802F0B5FBFF2002F08AFB4021344891
:101AC00001F00DFC6420FFF7CDFA4021304801F011
:101AD00004FCC820FFF7C6FA40212D4801F0FFFBA7
:101AE000AE2002F04DF9002002F04AF9102002F079
:101AF00047F9402002F044F9812002F041F9EF203B
:101B000002F03EF9A12002F03BF9C82002F038F9BA
:101B1000A62002F035F9A82002F032F93F2002F0A9
:101B20002FF9D32002F02CF9002002F029F9D5205A
:101B300002F026F9802002F023F9D92002F020F9E2
:101B4000F12002F01DF9DA2002F01AF9122002F059
:101B500017F9DB2002F014F9402002F011F92020DF
:101B600002F00EF9022002F00BF98D2002F008F9C4
:101B7000142002F005F9A42002F002F9A62002F0D8
:101B8000FFF8AF2002F0FCF8FFF774FD07B000BDCE
:101B9000000801400030014008B50121102002F08A
:101BA000A1F90120ADF8000048208DF803000320C2
:101BB0008DF802006946174801F0B3FA0220ADF82B
:101BC000000010208DF8030003208DF80200694604
:101BD000104801F0A6FA0420ADF8000010208DF89E
:101BE000030003208DF8020069460A4801F099FAC3
:101BF0000820ADF8000010208DF8030003208DF8B8
:101C000002006946034801F08CFA0120024908608D
:101C100008BD0000001001408801224270B5044652
:101C2000002014490860002507E01349485D02F0D0
:101C3000BDF812494855681CC5B2092DF5DB0120D5
:101C40000C4908600D48407820700C48C078C043AB
:101C500060700A480079C043A07008484079E0707D
:101C60000648807920710548C07960710348007A80
:101C7000A07170BD88012242409A0008160C002015
:101C800000B591B00121082002F02CF94FF400407A
:101C9000ADF8400018208DF8430003208DF8420075
:101CA00010A92D4801F03DFA4FF400412A4801F0F7
:101CB00014FB0121880302F0F5F84FF44040ADF821
:101CC0002C004FF48270ADF82E000020ADF83000EB
:101CD000ADF832000120ADF834004002ADF8360016
:101CE0001020ADF838000020ADF83A000720ADF81C
:101CF0003C000BA9194802F0B6FA0121174802F07E
:101D00008FFA0021154802F07FFA012202211348C0
:101D100002F092FA0121084602F0B4F8104800F0EF
:101D200063FF0E480C3000900E4801901020029086
:101D300000200390049080200590002006900790DA
:101D400008904FF40050099000200A90694604481A
:101D500001F006F811B000BD000C01400038004051
:101D6000580002402C0B00202DE9F04106460F469A
:101D7000904600202149087081F8C100002424E029
:101D800007FA04F000F0800008B1F82100E080219B
:101D90001A4A601C115406FA04F000F0800008B1E1
:101DA000F82100E08021154A04F10900115408FAD5
:101DB00004F000F0800008B1F82100E080210F4A13
:101DC00004F111001154601C84B2082CD8DB0125E9
:101DD0000EE0012408E00948005D182101FB0541DF
:101DE000064A5054601C84B2192CF4DB681C85B27E
:101DF000082DEEDB02F000F9BDE8F0812C0B00208D
:101E000070B5064600202449087081F8C1000024FE
:101E10003CE0002536E004EB440030444078A84024
:101E200000F0800008B1F82100E0802104EB4400BC
:101E300005EBC000401C184A115404EB4400305C10
:101E4000A84000F0800008B1F82100E0802104EBF8
:101E5000440005EBC00009300F4A115404EB440064
:101E600030448078A84000F0800008B1F82100E0FC
:101E7000802104EB440005EBC0001130064A1154E8
:101E8000681CC5B2082DC6DB601CC4B2082CC0DBC0
:101E900002F0B2F870BD00002C0B002070B50646B1
:101EA00000202449087081F8C10000243CE000258E
:101EB00036E004EB440030444078A84000F0800055
:101EC00008B1F82100E0802104EB440005EBC000DC
:101ED000401C184A115404EB4400305CA84000F048
:101EE000800008B1F82100E0802104EB440005EBFC
:101EF000C00009300F4A115404EB4400304480788C
:101F0000A84000F0800008B1F82100E0802104EB37
:101F1000440005EBC0001130064A1154681CC5B2DC
:101F2000082DC6DB601CC4B2082CC0DB02F064F8CC
:101F300070BD00002C0B00202DE9F04F8FB0FFF793
:101F4000BFF80FFA80FB5846FEF7C7FBD74AD84BBD
:101F5000CDE90A01FEF7D7FACDE90C01FEF753FCF3
:101F60008246FEF73DFCD34A03C20020FFF70AF980
:101F7000FFF70CF900B20990FEF7AFFBCB4ACC4B50
:101F8000CDE90A01FEF7BFFA81F000418246FEF773
:101F90003AFC0D90FEF724FCC74A03C20020FFF76D
:101FA0004DF9C648B0F9060040F2DC51884202DD26
:101FB0000846C249C880C148B0F90600C0498842F5
:101FC00003DA4FF62420BD49C880BC49B1F90600A8
:101FD000FEF783FB0022BB4BCDE90C01FEF705FBAE
:101FE0008246FEF710FC0446B748B0F90000FEF741
:101FF00074FB0022B34BCDE90C01FEF7F6FA8246E2
:10200000FEF701FC06463046FEF7EAFB824605F085
:10201000CFFA02460B46CDE90A014FF06040AB49CA
:10202000FEF7E3FACDE90C01FEF7EDFB8046A6488A
:10203000008800287DD04046FEF7D2FB82468B46C2
:102040004046FEF7CDFBA24AA24BCDE90401FEF7C4
:1020500054FACDE908012046FEF7C2FBCDE906019E
:10206000DDE90823FEF74FFA52465B46CDE90A0147
:10207000FEF7BBFACDE90C01FEF7C5FB8D49886080
:102080004046FEF7ADFBCDE90A014046FEF7A8FB4E
:102090008F4A904BCDE90401FEF78EF9CDE9080196
:1020A0002046FEF79DFBCDE90601DDE90823FEF79A
:1020B0002AFA8246DDE90A23FEF797FACDE90C01F8
:1020C000FEF7A1FB7C4988603046FEF789FB82461B
:1020D000814A824BFEF717FACDE9000105F068FA54
:1020E00002460B46CDE902014FF060407749FEF70A
:1020F0007CFA774A774BCDE90401FEF75DF9024699
:102100000B46CDE906014FF060407049FEF76DFACD
:10211000CDE9080104F032FA714A724BCDE90A01A7
:10212000FEF7F1F9CDE90C01FEF76DFB054605E080
:10213000FFE7604884606048846000252846FEF719
:102140004FFB8246684A694BFEF7DDF9CDE906018F
:102150002846FEF745FBCDE902012846FEF740FB85
:102160008246634A634BFEF7CEF9CDE90001DDE913
:102170000223FEF7C8F9CDE90401DDE90623FEF7E5
:102180001BF981F0004100225B4BCDE90801FEF70D
:10219000BAF95A4A5A4BCDE90A01FEF726FACDE9B7
:1021A0000C01FEF730FB07465648B0F90000FEF779
:1021B0008BFA834654493846FEF78EF859460D90FF
:1021C000FEF732F88246FEF7A6FA0FFA80F9484683
:1021D00000F0B0F9484600F0D7F93648D0E90021C0
:1021E0001046FEF710FB824632498868514600F0DF
:1021F000F5F9304988813048D0E900211046FEF7D2
:1022000002FB82462C498868514600F04BFA2A4965
:1022100088812849B1F90C00FFF7C2F82649B1F9C5
:102220000C00FFF7E7F82448D0E900A3214803C8D1
:102230005246CDE90601FEF7BFF800224FF0804379
:10224000CDE90801FEF7D1F900221E4BCDE90A01C4
:10225000FEF759F9CDE90C01FEF78AFA00B21749E9
:102260000880002048801349D1E900A181F0004393
:10227000114903C95246CDE90601FEF79DF8144AFB
:10228000224BCDE90801FEF7B0F900220D4BCDE954
:102290000A01FEF738F9CDE90C01FEF769FA00B240
:1022A000064988800FB0BDE8F08F00006C5932EA13
:1022B000C3EE7E3F780100208801002050010020FD
:1022C00024FAFFFF00408F4060000020CEF7C33F9C
:1022D0001F85EB51B81EB53FCAC342AD69DE913FC1
:1022E000144C77B6D7A54C409BE61DA7E848F33FB2
:1022F000091B9E5E29CB703F00806640A7E8482EF0
:10230000FF2109406200002000002041B81EC53FA7
:1023100010B50020FFF744F80020FFF76BF810BD60
:10232000014630480078002859D02F4840782E4A7E
:10233000927840EA0220C0F30A0008802A48807898
:10234000C010294AD27840EA4210C0F30A004880FF
:102350002548C0788011244A127940EA8200224A36
:10236000527940EA8220C0F30A0088801E484079F2
:1023700040101D4A927940EAC210C0F30A00C8809A
:10238000194880790011184AD27940EA0210C0F346
:102390000A0008811448C079C011134A127A40EA31
:1023A0004200114A527A40EA4220C0F30A004881B2
:1023B0000D48407A80100C4A927A40EA8210C0F3AD
:1023C0000A0088810848807A4011074AD27A40EA98
:1023D000C200C8810020034A10700120704700200D
:1023E000FCE70000A0000020EE0B002000B587B045
:1023F0000121082001F076FD4FF40060ADF81800CF
:1024000004208DF81B0006A91D4800F08AFE01215A
:10241000880401F047FD1B4802900020ADF80C0035
:102420004FF40050ADF80E00C010ADF810000020C1
:10243000ADF814000420ADF8120002A9124803F010
:10244000A5FB27208DF8040001208DF805008DF8EC
:1024500006008DF8070001A801F03CFC012240F2C3
:102460002551094803F06DFB012240F22441064842
:1024700003F067FB0121044803F020FB07B000BD17
:10248000000C0140A08601000048004000B589B062
:102490000121052001F026FD0320ADF820001820C1
:1024A0008DF8230003208DF8220008A91F4800F0B2
:1024B00038FE0121082001F0F5FC4720ADF814009A
:1024C0000020ADF8160044F61F60ADF8180000209B
:1024D000ADF81A0005A9164802F0F0FD6020ADF82D
:1024E00004000120ADF8060040F2DC50ADF80A000F
:1024F0000020ADF80C0001A90D4802F04FFC0821A6
:102500000B4802F097FC01A9094802F09DFC082144
:10251000074802F0EBFC0121054802F0A1FA012175
:10252000034802F0A9FA09B000BD0000000801400C
:10253000000C00402DE9F0410446B4F5617F01DD57
:102540004FF4617414F5617F00DA0B4C2046FEF7FE
:10255000BBF880460949FDF7BFFE07460849FDF76D
:1025600063FE0646FEF7F0F885B22946054802F0FC
:1025700070FDBDE8F08100007CFCFFFF3F358E3F21
:102580000080BB44000C00402DE9F0410446B4F546
:10259000617F01DD4FF4617414F5617F00DA0B4C4B
:1025A0002046FEF791F880460949FDF795FE07465B
:1025B0000849FDF739FE0646FEF7C6F885B22946FA
:1025C000054802F048FDBDE8F08100007CFCFFFFFB
:1025D0003F358E3F0080BB44000C00402DE9F84F92
:1025E00004460D4629462046FDF770FE274908603F
:1025F0002748016825480068FDF768FE824625489F
:10260000B0F90000FEF760F883465146FDF764FE1E
:1026100080462148B0F90000FEF756F882461B4874
:1026200001685046FDF758FE81464146FDF7FCFD26
:1026300007461A48B0F90000FEF746F83946009000
:10264000FDF7F2FD0646FEF766F800B21349088072
:102650000E4800680E4908601048B0F9000041F2C9
:102660006801884202DD08460C4908800B48B0F931
:1026700000000B49884203DA4EF69870074908803B
:102680000648B0F90000BDE8F88F0000780000208F
:102690007C000020500000204E000020740000202C
:1026A00098EFFFFF2DE9F84F04460D4629462046D6
:1026B000FDF70CFE27490860274801682548006897
:1026C000FDF704FE82462548B0F90000FDF7FCFF47
:1026D00083465146FDF700FE80462148B0F90000D0
:1026E000FDF7F2FF82461B4801685046FDF7F4FDF6
:1026F00081464146FDF798FD07461A48B0F90000AB
:10270000FDF7E2FF39460090FDF78EFD0646FEF725
:1027100002F800B2134908800E4800680E490860AC
:102720001048B0F9000041F26801884202DD084615
:102730000C4908800B48B0F900000B49884203DAC5
:102740004EF69870074908800648B0F90000BDE8C9
:10275000F88F000084000020880000205000002036
:102760004E0000208000002098EFFFFF10B586B0DB
:1027700004460121042001F0B5FB0121880301F08A
:10278000B1FB4FF40070ADF8140018208DF817005D
:1027900003208DF8160005A91C4800F0C2FC4FF478
:1027A0008060ADF8140004208DF8170005A91748C3
:1027B00000F0B7FC01940020ADF80800ADF80A0065
:1027C000ADF80C00ADF810000C20ADF80E0001A91A
:1027D0000F4803F0DBF925208DF8000002208DF86A
:1027E000010001208DF802008DF80300684601F019
:1027F00071FA012240F22551054803F0A2F90121A6
:10280000034803F05BF906B010BD0000000801406A
:10281000003801402DE9F04707460D4690464FF03D
:102820000009202D37DCAA201C490870552048706B
:10283000681D8870084680F80380002405E0395D33
:10284000201D164A1154601CC4B2AC42F7DB281D8F
:10285000C6B2002406E01148005D484400F0FF09BC
:10286000601CC4B2B442F6DB0C4800F80490681D4A
:10287000C6B200240DE00948015D094803F0F7F9EC
:1028800000BF4021064803F025F90128F9D1601C5A
:10289000C4B2B442EFDBBDE8F0870000140A0020A8
:1028A0000038014010B503460B48007890B10B4842
:1028B0008078001FC2B2002105E0C81C074C205CD4
:1028C0005854481CC1B29142F7DB0020024C2070E2
:1028D000104610BD0020FCE7970000203C0A0020B5
:1028E00010B586B004460121082001F0FBFA04204F
:1028F000ADF8140018208DF8170003208DF816008D
:1029000005A91E4800F00DFC0820ADF814000420B5
:102910008DF8170005A9194800F003FC01214804AF
:1029200001F0C0FA01940020ADF80800ADF80A00EB
:10293000ADF80C00ADF810000C20ADF80E0001A9A8
:102940000F4803F023F926208DF8000002208DF8AF
:10295000010001208DF802008DF80300684601F0A7
:10296000B9F9012240F22551054803F0EAF80121A6
:10297000034803F0A3F806B010BD000000080140B2
:102980000044004010B586B004460121102001F03B
:10299000A9FA4FF48060ADF8140018208DF81700E4
:1029A00003208DF8160005A91E4800F0BAFB4FF46D
:1029B0000060ADF8140004208DF8170005A919482F
:1029C00000F0AFFB0121C80401F06CFA0194002073
:1029D000ADF80800ADF80A00ADF80C00ADF8100035
:1029E0000C20ADF80E0001A90F4803F0CFF83420F9
:1029F0008DF8000002208DF8010001208DF8020002
:102A00008DF80300684601F065F9012240F2255176
:102A1000054803F096F80121034803F04FF806B08B
:102A200010BD000000100140004C00402DE9F047AF
:102A300007460D4690464FF00009322D37DCAA209C
:102A40001C49087055204870681D8870084680F839
:102A50000380002405E0395D201D164A1154601CD6
:102A6000C4B2AC42F7DB281DC6B2002406E0114810
:102A7000005D484400F0FF09601CC4B2B442F6DBBC
:102A80000C4800F80490681DC6B200240DE0094807
:102A9000015D094803F0EBF800BF4021064803F050
:102AA00019F80128F9D1601CC4B2B442EFDBBDE8CB
:102AB000F0870000B40A0020004C00402DE9F05FD0
:102AC00001211148FEF7B5F800BF02210E48FEF7BC
:102AD00013F80028F9D00C48FEF70AF88346584648
:102AE000FDF70CFE8046094A094BFDF70CFD064632
:102AF0000022084BFDF779FD0446FDF758FE1FFA4A
:102B000080FA5046BDE8F09F002801400AD7A37024
:102B1000BD54AC4000FEAF4000B587B00121082095
:102B200001F0E0F90220ADF8180000208DF81B003C
:102B300006A91D4800F0F5FA0121880201F0D2F93A
:102B4000002001908DF808008DF809004FF46020F6
:102B500003900020049001208DF8140001A913486F
:102B6000FDF7DEFF4FF4004001F080F9072301225A
:102B700009210E48FDF7FCFF01210C48FDF7A3FFDA
:102B80000A48FEF751F800BF0848FDF7BEFF0028CD
:102B9000FAD10648FEF758F800BF0448FDF79EFF3B
:102BA0000028FAD107B000BD000C01400028014008
:102BB00000BFFEE700F0805111B10349086001E059
:102BC00002494860704700000404024000000240CF
:102BD00021B1026842F00102026004E002684FF68F
:102BE000FE731A400260704701684FF6FE72114092
:102BF00001600021016041608160C1604B498842F1
:102C000008D14A490839496841F00F01474A083A52
:102C100051608AE045491431884208D14349083956
:102C2000496841F0F001414A083A51607DE03F496E
:102C30002831884208D13D490839496841F470611A
:102C40003A4A083A516070E038493C31884208D12C
:102C500036490839496841F47041344A083A5160AC
:102C600063E032495031884208D130490839496817
:102C700041F470212D4A083A516056E02B496431E5
:102C8000884208D129490839496841F47001274A26
:102C9000083A516049E025497831884208D12349F2
:102CA0000839496841F07061204A083A51603CE0B7
:102CB0001F49884206D1011F096841F00F01021F18
:102CC000116032E01A491431884208D11849091FAD
:102CD000096841F0F001164A121F116025E01449FD
:102CE0002831884208D11249091F096841F47061EE
:102CF0000F4A121F116018E00D493C31884208D17B
:102D00000B49091F096841F47041094A121F1160FB
:102D10000BE007495031884207D10549091F09686E
:102D200041F47021024A121F1160704708000240EE
:102D30000804024001460020002201F0805313B134
:102D4000054B1A6801E0054B1A6802EA01030BB152
:102D5000012000E000207047000402400000024013
:102D600010B50022026847F6F0739A430C6A8B682C
:102D700023430C6923434C6923438C692343CC6967
:102D800023434C6A23438C6A23431A430260CB6873
:102D900043600B6883604B68C36010BD416070473F
:102DA000704700001CB57DE0642004F0E9FD3E485A
:102DB000007800B33C480078012806D100233BA2EC
:102DC00002215A20FEF70EFD1BE03748007802284A
:102DD00006D1002336A202215A20FEF703FD10E09F
:102DE0003148007803280CD1002332A202215A2056
:102DF000FEF7F8FC05E000232FA202215A20FEF77F
:102E0000F1FC2E480088FDF779FC05462C4A2D4B35
:102E1000FDF779FB0746FDF7ABFC044600200121D6
:102E200002232246CDE9001003211E20FEF7FAFC02
:102E30000020009001902448B0F90A2006230321C5
:102E40005A20FEF7EFFC642004F09AFD1F49D1E9F7
:102E5000005100221E4B2846FDF755FB0746FDF7A3
:102E600087FC0446002002210B462246CDE90010D3
:102E700006211E20FEF7D6FC1649D1E9005100229A
:102E8000134B2846FDF73FFB0746FDF771FC044650
:102E9000002002210B462246CDE9001006215A20CF
:102EA000FEF7C0FC80E700005E00002050533200B7
:102EB00041505000524D5300524F53003A000020F1
:102EC0009A9999999999B93F980100207801002021
:102ED000000059408801002070B50546002445F6E1
:102EE000FF7000F061F80446C4B90D48006940F075
:102EF00002000B49086108464561006940F0400046
:102F0000086145F6FF7000F04FF80446012C05D02B
:102F10000348006920F0020001490861204670BDA5
:102F2000002002400948C16801F0010008B10120F9
:102F3000704701F0040008B10220F9E701F0100029
:102F400008B10320F4E70020F2E70000002002406F
:102F50000348006940F080000149086170470000A3
:102F6000002002402DE9F04107460D461646002498
:102F700007E0384600F009F825F81400BF1C601C73
:102F800084B2B442F5DBBDE8F081014608887047A1
:102F90000248034948600348486070472301674579
:102FA00000200240AB89EFCD70B5044600BFFFF7AB
:102FB000B9FF012800D009E0002501E0691CCDB26D
:102FC0000A2DFBDB611E8CB2002CF0D100BF04B9CE
:102FD000FF2070BD2DE9F05F80468A461746B8F1A4
:102FE000006F02D33348804501D3BDE8F09FFFF75F
:102FF000CFFFA8F1006B4FEADB25CBF34909C9F5F8
:103000008064A74200DC3C464EE04FF0006101EBDB
:10301000C5204A142849FFF7A5FF00260BE009EB5D
:103020000600254931F810004FF6FF71884200D0A4
:1030300003E0701C86B2A642F1DB00BFA6421BDA99
:103040004FF0006101EBC520FFF746FF002608E0C6
:103050003AF8160006EB0901174A22F81100701C15
:1030600086B2A642F4DB4FF0006101EBC5204A14A2
:10307000114900F043F804E022465146404600F072
:103080003DF8A74200D110E06D1C4FF000090AEB9B
:10309000440A08EB4408381B87B2B7F5806F02DD9D
:1030A0004FF4806400E03C46AFE700BFFFF750FFFD
:1030B00000BF9AE700000408EC01002070B5054647
:1030C0000E46FF20FFF770FF044694B90A480069D6
:1030D00040F00100084908612E80FF20FFF764FFDF
:1030E0000446012C05D00448006920F00100024983
:1030F0000861204670BD0000002002402DE9F0412B
:1031000005460E461746002407E036F814102846F8
:10311000FFF7D4FFAD1C601C84B2BC42F5DBBDE8F8
:10312000F0812DE9F0410246002500260020002311
:103130000024002791F803C00CF00F0591F803C09C
:103140000CF0100CBCF1000F03D091F802C04CEA57
:10315000050591F800C0BCF1000F31D014680020C3
:103160002BE04FF0010C0CFA00F3B1F800C00CEAB0
:1031700003069E4220D183004FF00F0C0CFA03F798
:10318000BC4305FA03FC4CEA040491F803C0BCF10B
:10319000280F06D14FF0010C0CFA00FCC2F814C045
:1031A0000AE091F803C0BCF1480F05D14FF0010CC3
:1031B0000CFA00FCC2F810C0401C0828D1D31460DF
:1031C000B1F800C0BCF1FF0F34DD546800202EE0E0
:1031D00000F1080C4FF0010808FA0CF3B1F800C038
:1031E0000CEA03069E4221D183004FF00F0C0CFA2B
:1031F00003F7BC4305FA03FC4CEA040491F803C04E
:10320000BCF1280F05D100F1080C08FA0CF8C2F83F
:10321000148091F803C0BCF1480F07D100F1080CED
:103220004FF0010808FA0CF8C2F81080401C08287A
:10323000CED35460BDE8F081F0B50A4600230024E7
:103240000021002500F00046B6F1004F02D11D4ECE
:10325000F16901E01B4E7168C0F3034583B200F4CD
:103260004016B6F5401F08D121F07061154E766802
:1032700026F07066134F7E6012E000F48016B6F5FB
:10328000801F06D1032606FA05F4A14341F07061C0
:1032900006E0460D360103FA06F6B14341F07061CF
:1032A00022B1460D360103FA06F6314300F000461E
:1032B000B6F1004F02D1034EF16101E0014E7160A1
:1032C000F0BD0000000001400246002093680B4062
:1032D0000BB1012000E0002070474161704701619F
:1032E00070470AB1016100E04161704700BFFEE72D
:1032F00010B500200E4908600E48006820F47040A8
:103300000C4908600846006840F4405008600020FE
:103310000949C1F8AC010120FDF7AEFE01200449C6
:103320000860FDF7A9FE00200349C1F8B00110BDF7
:10333000B0012142040801400000214210B50020E4
:103340000E4908600E48006820F470400C4908607F
:103350000846006840F44050086001200949C1F85F
:10336000AC01FDF789FE012004490860FDF784FEE9
:1033700000200449C1F8B00110BD0000B001214295
:10338000040801400000214270B50546002417489A
:10339000006820F47040154908600846006840F451
:1033A00000400860002616E0002011490860022055
:1033B000FDF762FE01200F49C1F8B0016006040E5E
:1033C0000B488438006808B1601CC4B20220FDF7C5
:1033D00053FE701CC6B2082EE6DB15B1FFF788FF5E
:1033E00001E0FFF7ABFF204670BD0000040801407C
:1033F000B00121420000214270B504461448006823
:1034000020F47040124908600846006840F44050BB
:10341000086000200F490860002516E0E0090D490A
:10342000091F08606006040E0120FDF725FE01203B
:103430000949C1F8B001FDF71FFE002005490860E9
:103440000120FDF719FE681CC5B2082DE6DB70BD32
:1034500004080140B00121420000214210B5164885
:10346000006820F47040144908600846006840F481
:10347000405008600120114908601148D0F82C0123
:1034800008B9002010BD01200C49091D0860FDF796
:10349000F3FD00200A49C1F8AC01084880380068F3
:1034A00008B10020EEE70120FDF7E6FD002003490A
:1034B000091D08600120E5E704080140AC01214234
:1034C0000000214210B50E48006820F470400C49FD
:1034D00008600846006840F4405008600020094930
:1034E00008600949C1F8AC010120FDF7C5FD0120C4
:1034F000044908600449C1F8AC01FDF7BDFD10BDE9
:1035000004080140B00121420000214210B500240E
:103510001548006820F470401349086008460068A8
:1035200040F400400860012010490860FDF7A4FD48
:1035300001200F49C1F8B001FDF79EFD0AE0601CB3
:10354000C4B2322C03DDFFF7BDFF002010BD012007
:10355000FDF792FD0548803800680028EFD1034947
:10356000091D08600120F1E704080140AC01214277
:10357000000021421CB529E1FDF7B0FE00287AD0F9
:10358000322004F0FDF9FDF7A9FE0028F7D0002451
:1035900017E0322004F0F4F9FDF7A0FE00B912E0C4
:1035A0003C2C0CD14FF400518948FFF798FEC820FD
:1035B00004F0E6F94FF400518548FFF78EFE601CD9
:1035C000C4B2C82CE5DB00BF142C0CDA81480078AB
:1035D000062805DA7F480078401C7E49087002E022
:1035E00001207C4908703C2C7EDDC82C7CDA002050
:1035F00079490870002379A204211846FEF7F2F8F1
:1036000001237CA204210020FEF7ECF871E00020E9
:103610000090042301907B48B0F9002019464E2009
:10362000FEF700F9FDF7B2FD0FFA80FA5046FDF7FC
:1036300054F80746744A754BFCF765FF05460022AF
:10364000734BFCF760FFCDE90001FDF791F80FFA2D
:1036500080F90020FDF7F2FDB9F1000F19DD69488E
:10366000B0F90000782807DA66480088484400B2BC
:10367000644908800DE0A6E04FF400515448FFF77C
:103680002EFE1E2004F07CF94FF400515048FFF745
:1036900024FEB9F1000F19DA5A48B0F9000010F110
:1036A000780F06DD57480088484400B25549088025
:1036B0000CE04FF400514648FFF711FE1E2004F0C5
:1036C0005FF94FF400514248FFF707FE4D48B0F94B
:1036D0000000FEF72FFF4B48B0F90000FEF754FF43
:1036E000322004F04DF900E022E0FDF7F7FD00B1D3
:1036F00000E08CE700BF01204649087041033448D0
:10370000FFF7EDFD4FF4FA7004F03AF94FF4005171
:103710002F48FFF7E2FD4FF4487004F031F9002024
:103720002D49087000233CA204211846FEF75AF8E0
:10373000C82C48D13E48006804F0E8FB3D480068CA
:1037400004F0E4FB4FF400512148FFF7C8FD40F6B8
:10375000B83004F015F94FF400511D48FFF7BDFDD6
:103760000020FDF71DFE0020FDF744FEFDF782FF5F
:103770000020314908800A22FDF776FD22E000236F
:103780002EA203211846FEF72DF8002331A20521B1
:103790001846FEF727F84FF400510D48FFF79FFD3C
:1037A0000A2004F0EDF84FF400510948FFF795FDA9
:1037B00040F2DC5004F0E4F8FDF75CFF4FF4FA70DF
:1037C00004F0DEF8DBE7322004F0DAF8D4E600009B
:1037D0000010014034000020520000202020202052
:1037E00020202020202020202020202020202020D9
:1037F0002000000020414B4D206F66667365743ACF
:1038000000000000620000206C5932EAC3EE7E3FE7
:10381000000024405F0000202D2D2D2D2D2D2D2D5D
:103820002D2D2D2D2D2D2D2D2D2D2D2D2D0000004F
:103830000400002010000020A40100202020526F6E
:10384000626F74206861732073746F707065642098
:103850002000000020202020506C656173652052FC
:1038600065737461727420202000000010B5034B52
:103870005A791979D878FEF777FA10BD340000200C
:103880002DE9F0413748C078802801DB012000E0B5
:103890000020054633480079802801DB012000E044
:1038A000002006462F484079802801DB012000E0F7
:1038B000002007462C480078292811DA2A48007889
:1038C00000EB40004006040E07FB04F3DAB206FBEF
:1038D00004F3D9B205FB04F3D8B2FEF745FA3AE097
:1038E000214800783D280CDAF02407FB04F3DAB213
:1038F00006FB04F3D9B205FB04F3D8B2FEF734FAA1
:1039000029E0194800784F2811DA17480078C0F1EB
:103910005000C006040E07FB04F3DAB206FB04F302
:10392000D9B205FB04F3D8B2FEF71EFA13E00E4835
:1039300000785B280CDA0C2407FB04F3DAB206FBF0
:1039400004F3D9B205FB04F3D8B2FEF70DFA02E096
:1039500002200549087004480078401C024908709C
:10396000BDE8F081340000203000002010B502488E
:10397000FEF794FA10BD0000E091000810B5284849
:103980000078032803DA2748FEF788FA42E0244843
:103990000078062805DA002211461046FEF7E4F901
:1039A00038E01F4800780A2803DA1E48FEF776FA46
:1039B00030E01B480078142805DA00221146104632
:1039C000FEF7D2F926E016480078172803DA1648E1
:1039D000FEF764FA1EE0124800781A2805DA002281
:1039E00011461046FEF7C0F914E00D4800781E2875
:1039F00003DA0D48FEF752FA0CE00948007828284F
:103A000005DA002211461046FEF7AEF902E000206A
:103A10000349087002480078401C0149087010BD35
:103A200031000020F89100081092000810B51648E7
:103A3000C0781649087014480079487012484079D7
:103A400088701148C07848750F4801790F48817512
:103A50000D4841790D48C17501240EE0002004EBAA
:103A600044010A4A505404EB44011144487004EBE9
:103A7000440111448870601CC4B2072CEEDB03487B
:103A8000FEF7BEF910BD0000340000203801002010
:103A900010B543480078082836DA41480078A8B1C4
:103AA00000213F480078401E00EB40003D4A115481
:103AB0003B480078401E00EB4000104441703848FD
:103AC0000078401E00EB4000104481703648C078FA
:103AD0003349097801EB4101324A505432480079A8
:103AE0002F49097801EB4101114448702E48407973
:103AF0002B49097801EB410111448870284800786E
:103B0000401C2749087047E025480078102840DA13
:103B100023480078082818D0002121480078C0F1F7
:103B2000100000EB40001F4A11541D480078C0F1FE
:103B3000100000EB40001044417019480078C0F1BB
:103B4000100000EB4000104481701748C078144901
:103B50000978C1F10F0101EB4101124A505412489A
:103B600000790F490978C1F10F0101EB41011144BE
:103B700048700D4840790A490978C1F10F0101EBFD
:103B800041011144887006480078401C04490870BF
:103B900002E00020024908700248FEF731F910BD2A
:103BA0003200002038010020340000200DE01E20EB
:103BB00003F0E6FE0548007810B1FDF7C1FB04E014
:103BC000002211461046FEF7CFF8F0E7540000201F
:103BD0002DE9F04106460F4614461D46FFF73EFC10
:103BE00010B90120BDE8F0817106080EFFF704FC52
:103BF000FFF78CFC18B9FFF765FC0120F2E73846A7
:103C0000FFF7FAFBFFF782FCFFF728FC012101EB2D
:103C10004601C8B2FFF7F0FBFFF778FC0DE0012C7E
:103C200004D10020FFF7B0FB287003E00120FFF76C
:103C3000ABFB28706D1C601EC4B2002CEFD1FFF7E7
:103C400041FC0020CEE72DE9F04105460E4617461F
:103C50009846FFF703FC10B90120BDE8F081690622
:103C6000080EFFF7C9FBFFF751FC18B9FFF72AFC54
:103C70000120F2E73046FFF7BFFBFFF747FC0024C7
:103C80000BE018F80400FFF7B7FBFFF73FFC18B98B
:103C9000FFF718FC0020E0E7641CBC42F1DBFFF7F3
:103CA00011FC0020D9E770B504460D461646F2B265
:103CB0002B4621466820FFF78BFF70BD13B50446E5
:103CC00001AB012221466820FFF7BDFF1CBD00BFEC
:103CD000FEE7704770B5002100230F22C47804B3BB
:103CE000154C246804F4E064C4F5E064210AC1F1D1
:103CF0000403CA40447804FA03F184781440214351
:103D000009010E4C0678A155047804F01F05012422
:103D1000AC4005786D11AD0005F1E025C5F8004116
:103D200009E0047804F01F050124AC40044D067836
:103D3000761145F8264070BD0CED00E000E400E08F
:103D400080E100E002490143024A1160704700002F
:103D50000000FA050CED00E070B504460D4605F1D3
:103D6000B001C8B200F00CF8102141EA141000F0C4
:103D700007F804F00F0141F0010000F001F870BDF8
:103D800010B5044610210548FFF7A7FA204600F0B9
:103D90001FFA10210148FFF7A2FA10BD00080140E8
:103DA00010B50446204600F013FA10BD1CB50446B9
:103DB000002001900120009027E09DF800002040A5
:103DC00018B101201449086002E00020124908607F
:103DD00000201149083108601020FDF74DF90F4807
:103DE000D0F8000128B19DF804009DF800100843A8
:103DF000019001200849083108601020FDF73CF9C6
:103E00009DF800004006000E00909DF8000000287C
:103E1000D3DC9DF804001CBD840122420000224234
:103E200000BF04F039FD0D49086016E014210B486D
:103E300003F0E2FD0A48FDF7F1FE0A480078012888
:103E40000BD007484078082807D10548807920B969
:103E500001200449087004490870E7E77000002059
:103E6000570000205E000020560000200146002080
:103E7000034A506820F440400843506070470000F7
:103E80000010024029B1064A52690243044B5A61AC
:103E900004E0034A52698243014B5A6170470000B3
:103EA0000010024029B1064AD2690243044BDA618C
:103EB00004E0034AD2698243014BDA617047000093
:103EC0000010024029B1064A12690243044B1A61EC
:103ED00004E0034A12698243014B1A6170470000F3
:103EE0000010024029B1064A92690243044B9A61CC
:103EF00004E0034A92698243014B9A6170470000D3
:103F00000010024029B1064AD2680243044BDA602D
:103F100004E0034AD2688243014BDA607047000034
:103F20000010024030B500210022002400232D4D56
:103F30006D6805F00C0121B1042905D0082923D1B1
:103F400005E0294D056022E0274D05601FE0254D65
:103F50006D6805F47012234D6D6805F480340225F8
:103F600005EB92421CB9214D554305600BE01D4DF8
:103F70006D6805F400351DB11C4D5543056002E028
:103F8000194D5543056002E0174D056000BF00BFA5
:103F9000144D6D6805F0F0010909154D6B5C05685D
:103FA000DD4045600F4D6D6805F4E061090A104D74
:103FB0006B5C4568DD4085600A4D6D6805F46051B5
:103FC000C90A0B4D6B5C4568DD40C560054D6D68E9
:103FD00005F44041890B074D6B5CC568B5FBF3F5F3
:103FE000056130BD0010024000127A0000093D005A
:103FF0001C0100202C01002010B5C2210B48FEF747
:10400000CDFE01210948FEF7E3FD00BF4FF400306B
:10401000FEF790FE0028F9D000210448FEF7D8FDF5
:104020004FF40030FEF7C6FD10BD000058000240FE
:1040300010B51B48FDF76CFA1948408819490880EB
:1040400017480088404200B2488015488088888020
:104050001548FDF77DFA144800881449098808447A
:1040600000B2114908800846408810494988084430
:1040700000B20D494880084680880C498988084468
:1040800000B209498880084640880649C880064829
:104090000088404200B2088103488088488110BDF2
:1040A0003C00002098010020420000204800002031
:1040B00010B529480088000A284908702648007869
:1040C000487025484088000A887023488078C87066
:1040D00021488088000A08711F48007948711E48ED
:1040E000C088000A88711C488079C8711A48008904
:1040F000000A08721848007A487217484089000A76
:1041000088721548807AC87215480088000A0873BA
:1041100013480078487312484088000A8873104892
:104120008078C8730E488088000A08740C480079AB
:1041300048740C480088001288740A480078C874D3
:10414000102214210548FEF771FC102214210348A7
:10415000FEF760FB10BD000098010020B8010020B0
:10416000500100203A00002000BF04F095FB1549E3
:10417000086026E01421134803F03EFC1248007842
:1041800098B111480078012802D1FCF74DFE0CE0EF
:104190000D480078022802D1FCF7C8FD05E00A4866
:1041A0000078032801D1FCF7CBFE0848007810B155
:1041B000FDF7C2FE01E0FEF7ABF8FFF739FFFFF7AE
:1041C00077FFD7E7640000205E0000205200002047
:1041D00010B5044600BF02210A4800F036F8002856
:1041E000F9D02146074800F03CF800BF01210548FE
:1041F00000F02BF80028F9D0024800F02FF8C0B2E8
:1042000010BD00000030014021B1028842F400528C
:10421000028004E002884DF6FF731A400280704766
:1042200021B1028842F04002028004E002884FF689
:10423000BF731A40028070471AB183880B43838092
:1042400002E083888B4383807047024600201389F5
:104250000B400BB1012000E0002070470146888927
:1042600070478181704710B50022028802F44152E4
:104270000B884C8823438C882343CC8823430C89A8
:1042800023434C8923438C892343CC8923431A43FA
:104290000280838B4FF2FF74234083830B8A038257
:1042A00010BD10B500F002F810BD00000CB50020E4
:1042B000019000903348006840F480303149086034
:1042C00000BF3048006800F4003000900198401CA6
:1042D0000190009818B90198B0F5A06FF1D1294864
:1042E000006800F4003010B10120009001E00020CF
:1042F00000900098012843D12348006840F0100046
:10430000214908600846006820F00300086008465C
:10431000006840F0020008601A4840681949486087
:104320000846406848600846406840F4806048603D
:104330000846406820F47C1048600846406840F415
:10434000E81048600846006840F08070086000BFD0
:104350000C48006800F000700028F9D00948406857
:1043600020F00300074948600846406840F002001A
:10437000486000BF0348406800F00C000828F9D1ED
:104380000CBD000000100240002002402DE9FF415A
:10439000074655250A22B5490020FCF755FFB348CA
:1043A000008848F68801884218D1B0488078B04922
:1043B0000870AE4800794870AC4880798870AB4886
:1043C000007AC870A948807A0871A848007B4871B3
:1043D000A648C08900B2A749088027E048F68800AF
:1043E000A24908800220A249087000204870887005
:1043F000C870FF2008714871084600789B494880C2
:104400009B48407888809A488078C8809848C078CF
:104410000881974800794881954840798881954876
:104420000088C8810A220020FCF71EFF9148B0F9DD
:104430000000FEF77FF88F48B0F90000FEF7A4F8FF
:1044400000262BE04FF480718B48FEF746FF1E20BC
:1044500003F096FA4FF480718748FEF740FF14206E
:1044600003F08EFA02A8FDF773F884480088BDF8BF
:104470000810084400B28149088008464088BDF809
:104480000A10084400B27D49488008468088BDF87B
:104490000C10084400B279498880761C0A2ED1DBC2
:1044A0007648B0F9000040420A2190FBF1F000B2DA
:1044B000724908800846B0F9020040420A2190FB88
:1044C000F1F000B26D4948800846B0F9040040425E
:1044D0000A2190FBF1F000B26849888000262CE0A8
:1044E000002410E0E006050E002211462846FDF7E4
:1044F0003BFC4FF480716048FEF7EFFE142003F0A0
:104500003FFA601CC4B21E2CECDB142412E004EB56
:1045100044008006050E002211462846FDF724FCC3
:104520004FF480715448FEF7DAFE142003F028FAA5
:10453000601EC4B2002CEADC761C232ED0DB0022E5
:1045400011461046FDF710FC4FF480714A48FEF703
:10455000C4FE4FF400514A48FEF7C1FE6420FCF748
:1045600081FD4FF400514648FEF7B7FEFDF782F893
:10457000002344A219461846FDF734F9002347A248
:1045800001211846FDF72EF900234AA20221184600
:10459000FDF728F900234DA202211E20FDF722F984
:1045A00000234CA203211846FDF71CF900233BA26F
:1045B00004211846FDF716F9002338A205211846F4
:1045C000FDF710F9002349A206211846FDF70AF964
:1045D00000234CA219464E20FDF704F903F064F8BD
:1045E0004A48032100234FF48072CDE9001048A10E
:1045F0004A4804F011F94A48042100238022CDE9F9
:10460000001048A14A4804F007F94A480521002350
:104610008022CDE9001048A14A4804F0FDF84A483C
:10462000062100238022CDE9001048A14A4804F069
:10463000F3F84A480A2100238022CDE9001048A15E
:104640004A4804F0E9F84A480B2100238022CDE9CA
:10465000001048A14A4804F0DFF84A48006803F017
:104660003BFA03F063F8BDE8FF810000A4010020DD
:1046700034000020620000200008014048000020B3
:10468000001001402020202A205441524B424F5418
:1046900020414B4D202A2020200000002D2D2D2DC3
:1046A0002D2D2D2D2D2D2D2D2D2D2D2D2D2D2D2D3A
:1046B0002D000000205665723A56302E3030204DC5
:1046C0006F643A524F5320202000000056322E30A3
:1046D0003000000020566F6C3A31322E325620479F
:1046E000797A3A303030303020000000204D54418B
:1046F0003A30302E3030204D54423A2D302E30306A
:1047000020000000414B4D2000000000040000206C
:10471000526F626F745F5461736B000069410008EF
:10472000080000204B65795F5461736B0000000046
:10473000753500080C0000204C696768745F54618F
:10474000736B0000AD3B00081000002044697370DB
:104750005F5461736B000000A52D00081400002059
:104760005472697669615F5461736B00755100081A
:10477000180000205073325F5461736B000000001A
:10478000213E000800000020042808D14FF0E0215D
:10479000096941F004014FF0E022116107E04FF098
:1047A000E021096921F004014FF0E0221161704716
:1047B00010B504F061F8012801D003F0D7FC10BD5A
:1047C00010B51348006840F0010011490860084620
:1047D0004068104908400E494860084600680E4984
:1047E00008400B4908600846006820F480200860F3
:1047F0000846406820F4FE0048604FF41F008860BF
:10480000FFF74FFD4FF000600449086010BD000045
:10481000001002400000FFF8FFFFF6FE08ED00E088
:10482000F0B50C46154600220021068C4FF6FE77A7
:104830003E400684028B018C4FF60C7632407E1C83
:1048400006EA03162E433243104EB0420ED0104EED
:10485000B0420BD0B0F1804F08D00E4EB04205D020
:104860000D4EB04202D00D4EB04206D14FF6FD764D
:10487000314044F00106314305E04FF6F576314012
:1048800044F00106314302830184F0BD002C014055
:10489000003401400004004000080040000C0040CB
:1048A000F0B50C461546002200210026078C4FF675
:1048B000EF7C07EA0C070784028B018C4FF6FF7729
:1048C00007EA041640F6FF473A404FF6FF7707EA3B
:1048D00003373A434FF6FF7707EA05273A43114F6C
:1048E000B8420ED0104FB8420BD0B0F1804F08D074
:1048F0000E4FB84205D00E4FB84202D00D4FB8420D
:1049000006D14FF6DF77394046F01007394305E00E
:104910004FF65F77394044F0100739430283018432
:10492000F0BD0000002C01400034014000040040B4
:1049300000080040000C0040F0B50C46154600226F
:1049400000210026078C4FF6FF6C07EA0C0707844E
:10495000828B018C4FF6FF7707EA04264FF60C771F
:104960003A404FF6FF7707EA03172F433A43114FB8
:10497000B8420ED0104FB8420BD0B0F1804F08D0E3
:104980000E4FB84205D00E4FB84202D00D4FB8427C
:1049900006D14FF6FF57394046F48077394305E09A
:1049A0004FF2FF57394044F48077394382830184C2
:1049B000F0BD0000002C0140003401400004004024
:1049C00000080040000C0040F0B50C4615460022DF
:1049D00000210026078C4EF6FF7C07EA0C070784AF
:1049E000828B018C4FF6FF7707EA043640F6FF47CB
:1049F0003A404FF6FF7707EA05273A434FF6FF772D
:104A000007EA03373A43114FB8420ED0104FB8426D
:104A10000BD0B0F1804F08D00E4FB84205D00E4FEA
:104A2000B84202D00D4FB84206D14DF6FF7739405B
:104A300046F48057394305E047F6FF57394044F4C0
:104A40008057394382830184F0BD0000002C01406F
:104A5000003401400004004000080040000C004009
:104A600021B1028842F08002028004E002884FF601
:104A70007F731A400280704721B1028842F0010220
:104A8000028004E002884FF6FE731A4002807047ED
:104A900031B1B0F8442042F40042A0F8442005E0CF
:104AA000B0F84420C2F30E02A0F844207047000082
:104AB00010B504466848844208D10121C014FFF7AC
:104AC00021FA0021E014FFF71DFAC4E0B4F1804F91
:104AD00008D101210846FFF7F5F900210120FFF771
:104AE000F1F9B8E05D48844208D101210220FFF7C6
:104AF000E9F900210220FFF7E5F9ACE058488442CB
:104B000008D101210420FFF7DDF900210420FFF77F
:104B1000D9F9A0E05348844208D101210820FFF7C9
:104B2000D1F900210820FFF7CDF994E04E488442E6
:104B300008D101211020FFF7C5F900211020FFF74F
:104B4000C1F988E04948844208D101212020FFF7BB
:104B5000B9F900212020FFF7B5F97CE044488442F0
:104B600008D101214014FFF7CDF900216014FFF7AF
:104B7000C9F970E03F48844209D10121C804FFF718
:104B8000C1F900214FF40020FFF7BCF963E03A4877
:104B9000844209D101210805FFF7B4F900214FF43F
:104BA0008010FFF7AFF956E03448844209D1012163
:104BB0004805FFF7A7F900214FF40010FFF7A2F90D
:104BC00049E02F48844208D101214020FFF77AF9BB
:104BD00000214020FFF776F93DE02A48844208D1C1
:104BE00001218020FFF76EF900218020FFF76AF98C
:104BF00031E02548844208D101218015FFF762F990
:104C00000021A015FFF75EF925E02048844209D174
:104C100001210804FFF776F900214FF48030FFF7F7
:104C200071F918E01A48844209D101214804FFF7BC
:104C300069F900214FF40030FFF764F90BE01548E3
:104C4000844208D101218804FFF75CF900214FF468
:104C50008020FFF757F910BD002C014000040040F0
:104C600000080040000C004000100040001400400C
:104C700000340140004C014000500140005401400C
:104C800000180040001C004000200040004001408F
:104C90000044014000480140F0B50C4615461E4650
:104CA0000021002200230189028B038C4FF6F87744
:104CB000394021434FF6FC473A4040F201173A434E
:104CC0004FF6DD773B404FF6FF7707EA06172F4395
:104CD0003B43018102830384F0BD000070B50546AB
:104CE0000C46244885420ED0234885420BD0B5F1AE
:104CF000804F08D02148854205D02148854202D006
:104D00002048854200D100E000BF208850B92389A7
:104D1000A28861882846FFF783FDE188284600F0D5
:104D2000A1F925E0208804280AD12389A288618876
:104D30002846FFF7B5FDE188284600F09CF917E00A
:104D4000208808280AD12389A28861882846FFF78D
:104D5000F3FDE188284600F09BF909E02389A28849
:104D600061882846FFF730FEE188284600F099F96F
:104D700070BD0000002C01400034014000040040E0
:104D800000080040000C004000210180418001210A
:104D900081800021C18001817047000070B500242E
:104DA00000220023058C4FF6FE7635400584028CE8
:104DB0008388048B4FF68F752C40B51E2C400D88D0
:104DC0002C43751E2A400D892A434D882A43144DD1
:104DD000A8420BD0134DA84208D0134DA84205D0CD
:104DE000124DA84202D0124DA84213D14FF6F775CA
:104DF0002A404D892A434FF6FB752A408D882A4365
:104E00004FF6FF652B404FF6FF552B408D892B4306
:104E1000CD892B4383800483CD888586028470BD31
:104E2000002C01400034014000400140004401409A
:104E3000004801400A460021018B4FF6F7731940E4
:104E4000114301837047000070B500240022002345
:104E5000058C4FF6EF7635400584028C8388048BF1
:104E600048F6FF752C404FF6FF452C400D884FF655
:104E7000FF7606EA05252C434FF6DF752A400D899B
:104E800006EA05152A434D8806EA05152A43154DFD
:104E9000A84202D0144DA8421DD14FF67F752A407A
:104EA0004D894FF6FF7606EA05152A434FF6BF7582
:104EB0002A408D8806EA05152A434FF6FF352B4018
:104EC0004FF2FF752B408D8906EA85052B43CD896E
:104ED00006EA85052B4383800483CD8805870284F9
:104EE00070BD0000002C0140003401400A46002142
:104EF000018B4FF2FF7319404FF6FF7303EA022351
:104F0000194301837047000070B50024002200237C
:104F1000058C4FF6FF6635400584028C8388848BB0
:104F20004FF68F752C404FF6FC752C400D882C43A6
:104F30004FF6FF552A400D894FF6FF7606EA052504
:104F40002A434D8806EA05252A43154DA84202D07A
:104F5000144DA8421DD14FF2FF752A404D894FF6DE
:104F6000FF7606EA05252A434FF6FF352A408D884D
:104F700006EA05252A434EF6FF752B404DF6FF75D0
:104F80002B408D8906EA05152B43CD8906EA0515C8
:104F90002B4383808483CD888587028470BD000085
:104FA000002C0140003401400A460021818B4FF65D
:104FB000F7731940114381837047000070B50022D8
:104FC00000230024058C4EF6FF7635400584038CC3
:104FD0008488828B48F6FF752A404FF6FF452A40A9
:104FE0000D884FF6FF7606EA05252A434DF6FF7534
:104FF0002B400D8906EA05352B434D8806EA053519
:105000002B430B4DA84202D00A4DA84208D14BF6C3
:10501000FF752C408D894FF6FF7606EA85152C43E7
:1050200084808283CD88A0F84050038470BD000046
:10503000002C0140003401400A460021818B4FF2D0
:10504000FF7319404FF6FF7303EA0223194381836C
:105050007047818670470187704781877047A0F845
:1050600040107047028B4FF6F3731A400283028B95
:105070000A4302837047028B4FF2FF331A400283C8
:10508000028B4FF6FF7303EA01231A430283704732
:10509000828B4FF6F3731A408283828B0A4382839A
:1050A0007047828B4FF2FF331A408283828B4FF618
:1050B000FF7303EA01231A438283704700220288A8
:1050C0001D4B98420ED01D4B98420BD0B0F1804F33
:1050D00008D01B4B984205D01A4B984202D01A4B6D
:1050E000984204D14FF68F731A404B881A43174BDE
:1050F000984207D0164B984204D04FF6FF431A400F
:10510000CB881A4302808B8883850B8803850A4BE2
:1051100098420BD0094B984208D00E4B984205D0CC
:105120000D4B984202D00D4B984201D10B7A038669
:105130000123838270470000002C014000340140AD
:105140000004004000080040000C00400010004037
:10515000001400400040014000440140004801406C
:105160004FF6FF71818000210180C1804180017272
:105170007047000055E1FDF7A1FCAA4908800846E8
:105180000088B0F5856F64DC1021A748FEF79CF815
:10519000C0F10100C5B22A461021A348FEF7A1F8CC
:1051A000A0480088B0F57D7F57DA10219E48FEF7B1
:1051B00094F89C480088B0F5767F46DA9B480088D2
:1051C000401C9A490880084600880A2845DD4FF4AB
:1051D00080719748FEF783F810219348FEF77DF819
:1051E0009448006802F092FE9348006802F08EFE38
:1051F0000020FCF7D5F80020FCF7FCF8FCF73AFAA1
:1052000022E000238DA203211846FCF7EBFA0023CD
:1052100090A205211846FCF7E5FA4FF400518248A8
:10522000FEF75DF81E2002F0ABFB4FF400517E4804
:10523000FEF753F84FF47A7002F0A2FBFCF71AFA6B
:105240004FF47A7002F09CFBDBE70020774908807E
:1052500003E010217448FEF742F8844890F90000FA
:1052600000286ADD002082490880488088807148D3
:10527000006802F04BFE4FF400516B48FEF72FF828
:10528000322002F07DFB4FF400516748FEF725F80D
:105290004FF47A7002F074FB10216348FEF71DF89A
:1052A00000241FE0142002F06BFB7248FCF750F959
:1052B0006F4800886F490988084400B26C4908802B
:1052C000084640886B494988084400B268494880CC
:1052D0000846808867498988084400B26449888004
:1052E000601CC4B20A2CDDDB6148B0F9000040420A
:1052F0000A2190FBF1F000B25D4908800846B0F940
:10530000020040420A2190FBF1F000B25849488067
:105310000846B0F9040040420A2190FBF1F000B2C7
:105320005349888010214048FDF7D9FF4148006863
:1053300002F014FD00204D4908704F480078002805
:1053400035DD3C48006802F0E1FD4C4800784C49EE
:1053500048804A484078888048488078C8804748D4
:10536000C07808814548007948814448407988815F
:1053700044480088C8810A220020FBF775FF4FF4DB
:1053800000512948FDF7ABFFC82002F0F9FA4FF4AD
:1053900000512548FDF7A1FF4FF47A7002F0F0FAB2
:1053A0002448006802F0DAFC0020334908703648CF
:1053B000007820B33448007801280FD141031A48FF
:1053C000FDF78DFFC82002F0DBFA4FF400511648BC
:1053D000FDF783FF00202C49087010E04FF40051C6
:1053E0001148FDF77CFF4FF47A7002F0C9FA4FF4D0
:1053F00000510D48FDF771FF0020234908704FF45C
:1054000080710B48FDF760FFC0F10100C5B22A466C
:105410004FF480710648FDF764FF4FF4FA7002F014
:10542000AFFAA8E63A000020001001406800002012
:10543000000801400400002010000020202020204F
:10544000204C6F7720706F776572202020202020FD
:10545000000000002020526F626F7420686173208A
:1054600073746F70706564200000000053000020AA
:10547000480000206A0000205F0000203400002067
:10548000A4010020620000205600002010B540F268
:105490002551644800F02BFB002874D0614800F0CF
:1054A000E1FBC4B260480078032823DA5E48007844
:1054B00038B9AA2C04D15D48047001205A490870FB
:1054C000A9E05948007801280BD1552C05D157483F
:1054D00044700220544908709DE000205249087031
:1054E00099E05248847003204F490870601E50496B
:1054F000087090E04D488078401E4B4909788842FA
:105500000EDD4A4848490978445447480078401C11
:1055100045490870464800782044454908707AE0BB
:1055200000204149087042480078844273D100202D
:10553000404908703D48C078502825D13B48407903
:105540003A49097940EA012000B23B49C88037480E
:10555000C0793649897940EA012000B2364908818C
:105560003248407A3149097A40EA012000B2324992
:1055700048810A46B2F90A10B2F90600FBF76AFB45
:105580002E49088047E04CE02848C078512804D1D3
:105590002648007940B22A4908702448C078522829
:1055A00012D1224800792749087020484079487074
:1055B0001E48807988701D48C079C8701B48007AE1
:1055C00008711A48407A48711848C078532802D1A7
:1055D00001201D4908701548C07854280DD1134882
:1055E000007928B14FF400511848FDF778FE04E027
:1055F0004FF400511548FDF770FE0C48C0785A284A
:1056000009D10A480079012802D11149087002E045
:1056100002200F490870012240F22551014800F094
:1056200090FA10BD004C00409B0000208C0A002026
:105630009C0000205E00002050010020600000203F
:1056400053000020340000205F00002000100140C3
:105650005600002010B540F225512C4800F047FAC2
:10566000002851D0294800F0FDFAC4B2284800783B
:10567000032823DA2648007838B9AA2C3ED12548D9
:10568000047001202249087038E021480078012880
:105690000BD1552C05D11F48447002201C490870BD
:1056A0002CE000201A49087028E01A488470032072
:1056B00017490870601E184908701FE01548807867
:1056C000401E1349097888420EDD124810490978B6
:1056D00044540F480078401C0D4908700E4800786B
:1056E00020440D49087009E00B480078844205D138
:1056F00001200A490870002005490870012240F283
:105700002551024800F01DFA10BD00000050004075
:105710009E000020DC0A00209F0000209D00002049
:1057200010B540F22551644800F0E1F9002874D02A
:10573000614800F097FAC4B260480078032823DA81
:105740005E48007838B9AA2C04D15D480470012065
:105750005A490870A9E05948007801280BD1552C06
:1057600005D1574844700220544908709DE000203C
:105770005249087099E05248847003204F490870DC
:10578000601E5049087090E04D488078401E4B499B
:10579000097888420EDD4A48484909784454474808
:1057A0000078401C45490870464800782044454927
:1057B00008707AE00020414908704248007884422D
:1057C00073D10020404908703D48C078502825D149
:1057D0003B4840793A49097940EA012000B23B4907
:1057E000C8803748C0793649897940EA012000B23B
:1057F000364908813248407A3149097A40EA012025
:1058000000B2324948810A46B2F90A10B2F90600DC
:10581000FBF720FA2E49088047E04CE02848C07882
:10582000512804D12648007940B22A4908702448FA
:10583000C078522812D122480079274908702048A0
:10584000407948701E48807988701D48C079C870BA
:105850001B48007A08711A48407A48711848C07885
:10586000532802D101201D4908701548C0785428DA
:105870000DD11348007928B14FF400511848FDF7B5
:105880002EFD04E04FF400511548FDF726FD0C48AD
:10589000C0785A2809D10A480079012802D1114953
:1058A000087002E002200F490870012240F22551E1
:1058B000014800F046F910BD003801409500002075
:1058C000EC090020960000205E000020500100201E
:1058D000600000205300002034000020550000200C
:1058E000001001405600002010B540F22551334809
:1058F00000F0FDF800285FD0304800F0B3F9C4B2E2
:105900002F480078032823DA2D48007838B9AA2CCC
:105910004CD12C48047001202949087046E02848E1
:10592000007801280BD1552C05D12648447002205F
:10593000234908703AE000202149087036E02148E8
:10594000847003201E490870601E1F4908702DE0F6
:105950001C488078401E1A49097888420EDD194893
:1059600017490978445416480078401C14490870B7
:105970001548007820441449087017E000201049A9
:10598000087011480078844210D101200F49087036
:105990000C48C078302809D10A480079552805D12B
:1059A00002200B49087001200A490870012240F2C8
:1059B0002551024800F0C5F810BD00000044004029
:1059C000980000203C0A0020990000209700002049
:1059D0005E0000205600002010B540F225513048EE
:1059E00000F085F800285AD02D4800F03BF9C4B2E9
:1059F0002C48007858B90F2C4BD12B4829490978ED
:105A0000445428480078401C2649087041E0254845
:105A10000078182834DB94BB0120244908702448FE
:105A20000078032827D02048C07880111E490979C2
:105A300040EA81001C49497940EA8120C0F30A000C
:105A40001C4908801848807A40111749C97A40EAF1
:105A5000C100184948800846008840F2DC5188425D
:105A600009DD14484088884205DD0320104908708C
:105A700001201149087000200A49087009E0FFE779
:105A8000094808490978445406480078401C0549EB
:105A90000870012240F22551014800F052F810BD73
:105AA00000480040A1000020EE0B0020A0000020D4
:105AB0005E000020A20000205600002021B1828953
:105AC00042F40052828104E082894DF6FF731A404D
:105AD0008281704702460020B1F5007F00D100BFEF
:105AE00013880B400BB1012000E00020704770B517
:105AF0000246002400230025002040F66A16B14229
:105B000000D100BFC1F3421501F01F03012606FAC0
:105B100003F3012D02D19689334006E0022D02D114
:105B2000168A334001E0968A33400C12012606FAA9
:105B300004F41688344013B10CB1012000E00020B9
:105B400070BDF0B50346002400260025002040F675
:105B50006A17B94200D100BF1846C1F3421401F0E0
:105B60001F06012707FA06F5012C01D10C3004E0CD
:105B7000022C01D1103000E014301AB107682F4315
:105B8000076002E00768AF430760F0BD2DE9F0470A
:105B900086B005460E460024A24600BFA146002757
:105BA000B08900B100BF2F462C8A4CF6FF7004402C
:105BB000F08804432C82AC894EF6F3100440B08880
:105BC00031890843718908430443AC81AC8A4FF69C
:105BD000FF400440B0890443AC8201A8FEF7A2F95B
:105BE0001F48874202D1DDF810A001E0DDF80CA0CB
:105BF000A88900F4004040B10AEBCA0000EB0A108B
:105C000031684900B0FBF1F807E00AEBCA0000EB8D
:105C10000A1031688900B0FBF1F86420B8FBF0F09D
:105C200004012009642101FB1089A88900F40040C7
:105C300040B1322000EBC900B0FBF1F000F00700EA
:105C4000044308E0322000EB09106421B0FBF1F0BE
:105C500000F00F0004432C8106B0BDE8F08700007F
:105C60000038014001468888C0F308007047C1F33E
:105C700008028280704700BFFEE700000FB4054BAA
:105C800010B503A9044A029800F09CFB10BC5DF813
:105C900014FB00009D67000830010020490050EA15
:105CA000C12018BF04204A0D18BF40F0010040F287
:105CB000FF72B2EB515F08BF40F00200012808BF3D
:105CC000052070472DE9F74F144694B00021C4E930
:105CD00002111599079121F00045C9498D4206DC52
:105CE0001599C4E9000117B00020BDE8F08FC5493F
:105CF000DFF814A3A9423CDD0799C44E0029C44F24
:105D0000C44A1599534619DDFAF7F7FB554506D0F5
:105D1000C14AC24BFAF7F1FBC4E900010AE04FF0B7
:105D2000D352BE4BFAF7E9FB32463B46FAF7E5FBA6
:105D3000C4E9000117B00120BDE8F08FFAF73CFB81
:105D4000554506D0B44AB54BFAF736FBC4E9000115
:105D50000AE04FF0D352B14BFAF72EFB32463B46E6
:105D6000FAF72AFBC4E9000117B04FF0FF30BDE895
:105D7000F08FAB49A942159978DB21F000418346A9
:105D80008846A84AA84BFAF7BEFB0022A74BFAF7B1
:105D900013FBFAF7EDFC0990FAF79FFC06460F4655
:105DA0009C4A5346FAF7AFFB43465A46FAF7A8FB1C
:105DB00080468A46984A994B30463946FAF7A3FB03
:105DC0002A0D01250B9242465346FAF799FB032D03
:105DD000C4E9000139D00B98C1F30A51401A05EB10
:105DE00045111139814230DA9148C346784400EBBD
:105DF0000510CDF80CA00C90D0E9002330463946B0
:105E0000FAF781FB02460B46049106905846039927
:105E1000FAF773FB80468A4602460B4658460399BA
:105E2000FAF76BFB049B069AFAF767FB83460C981C
:105E300003913946D0E902233046FAF764FB5A460B
:105E4000039BFAF75AFB6D1CBDE707980028A2BF19
:105E5000099817B0BDE8F08F616881F0004161607A
:105E6000099817B04042BDE8F08FFFE784461598C7
:105E7000C1F31301C0F30A50A0F2F5304FEA6018E5
:105E800000F01F06C6F12000139000200690079036
:105E900041F4801E05206D4676B1664A08EB00018C
:105EA0007A4452F8213002EB8101B3404A681399D9
:105EB00022FA01F1194305E05F4908EB0002794439
:105EC00051F82210A1FB0E27A1FB0C131A449A4291
:105ED00034BF0123002303EB070A05EB8003D3E95A
:105EE00001B70F448F4234BF0121002193448B44FA
:105EF00011B1934502D903E0934501D2012100E09D
:105F00000021C3E901B7514445F82010011EA0F15A
:105F10000100C1DC0298059F00F10050800F129033
:105F20000298DDE903568000FAF7D7FB834628463E
:105F30000D91FAF7E3FB6FF01D02FAF770FDCDE962
:105F40000E013046FAF7DAFB6FF03D02FAF767FD13
:105F500080468A463846FAF7D1FB6FF05D02FAF7C1
:105F60005EFD0746424653461191FAF725FADDE9F0
:105F70000E23FAF721FA5A460D9BFAF71DFA00256F
:105F80000E465A4628460D9BFAF7B7FADDE90E236E
:105F9000FAF7B3FA42465346FAF7AFFA3A46119B7C
:105FA000FAF7AEFADFF898A0244A5346FAF7ABFAAC
:105FB00007468846234A244B31462846FAF7A3FA77
:105FC0003A464346FAF7F8F9074688464FF0A842A2
:105FD000534631462846FAF796FA3A464346FAF7C8
:105FE000EBF9159A12F0004F04D0129A81F000419B
:105FF00052421292C4E90001129817B0BDE8F08F26
:10600000FB21E93F7CD90240FB21F93F7370032E4D
:106010008A19A33B000040543163621A61B4D03D39
:10602000FB21394183C8C96D305FE43F0000E03F88
:10603000F83C0000743C0000563C0000182D44540D
:10604000FB21F93D3326A611460B113C2DE9F04109
:106050004F1E00EBC7010446D1E9000115461E465C
:1060600037F006020DD02A463346FAF74CFA7F1E67
:1060700004EBC703D3E90023FAF79EF937F00602D1
:10608000F1D1022F25D0042F13D0062F18BFBDE861
:10609000F0812A463346FAF736FAD4E90A23FAF7AA
:1060A0008BF92A463346FAF72EFAD4E90823FAF791
:1060B00083F92A463346FAF726FAD4E90623FAF793
:1060C0007BF92A463346FAF71EFAD4E90423FAF795
:1060D00073F92A463346FAF716FAD4E90223FAF797
:1060E0006BF92A463346FAF70EFAD4E90023BDE8E5
:1060F000F041FAF761B900002DE9F04D04468CB08B
:10610000904821F00047164698460D46099187426F
:1061100006DA20462946FAF72BFB002800F0AE806D
:106120008948B8421CDC09980028BCBF85F00045AE
:1061300088F00048854A864B20462946FAF7E0F960
:1061400004460D463246434682488349FAF7D5F95C
:1061500022462B46FAF730F9002604460D46B04693
:1061600022462B4610461946FAF7CDF98B46824651
:1061700002460B46FAF7C7F90246089077480B46E5
:10618000009106217844FFF761FFCDE903107448C0
:1061900006217844009B089AFFF758FF52465B4659
:1061A000FAF7B1F9CDE9051052465B46204629467B
:1061B000FAF7A9F907910090DDE90310DDE905324E
:1061C000FAF7FAF8079B009AFAF79DF93246434628
:1061D000FAF7F2F852465B46FAF795F9324643462B
:1061E000FAF7EAF880460E465E4A5F4B0799009838
:1061F000FAF789F942463346FAF7DEF882468B46CB
:1062000022462B46FAF7D8F880464F480E46B84249
:1062100014985BDCFAF761FA07464246334605916B
:10622000FAF7CAF8CDE9011042463346104619463E
:10623000FAF769F9DDE90132FAF7D7F952465B4618
:10624000FAF75BF922462B46FAF75AF90122FAF7D8
:10625000E6FB3A46059BFAF753F904460D460998C2
:10626000022101EAA070C0F10100FAF736FA0CB081
:1062700022462B46BDE8F04DFAF745B91498401C6C
:10628000384320430BD01498012812D00CB022467A
:106290002B46BDE8F04D00203449FAF7A6B90CB002
:1062A00025F000432246BDE8F04D00203049FAF7C2
:1062B0009CB920462946FFF7F1FC042808BF00F0EE
:1062C00063F820460CB02946BDE8F08D012802BFD6
:1062D00040460CB0BDE8F08D00270B463A462046FC
:1062E0002946FAF70DF952465B46FAF709F90446D2
:1062F0000D464246334600201C49FAF776F983469C
:106300003A46884633461046FAF7FDF80022184B05
:10631000FAF752F806468A4622462B463846414648
:10632000FAF7F1F832465346FAF746F85A4643462A
:10633000FAF7E9F80CB03A464346BDE8F04DFAF7F3
:106340003BB800000000303E2894E53F182D44542F
:10635000FB21E93F075C143326A6813C283A000064
:106360004A3A0000635555555555D53F0000F0BFDA
:106370000000F03F0122FAF752BB002213461046FC
:106380001146FAF732B90000024A00201107FAF765
:1063900046BB000001FDFFFF02E008C8121F08C154
:1063A000002AFAD170477047002001E001C1121F96
:1063B000002AFBD1704700000149086070470000C7
:1063C000340100202DE9FF4F8BB09A460F46054659
:1063D000002606E025280BD052460D9990476D1CEB
:1063E000761C28780028F5D10FB03046BDE8F08F34
:1063F0000024A0460122604900E0044315F8013F53
:10640000203B02FA03F00842F7D128782E2817D152
:1064100015F8010F44F004042A280ED06FF02F0263
:106420002878A0F1300109290AD808EB880102EB8D
:10643000410100EB01086D1CF2E757F8048B6D1C5D
:10644000287869283ED006DC0028CDD063280BD000
:10645000642804D136E0732810D075284BD05246FA
:106460000D999047761C85E017F8040B8DF8000015
:1064700000208DF80100E946012003E057F8049B55
:106480004FF0FF3061074FF0000401D40AE0641CB4
:1064900044450DDA8442FADB19F804100029F6D1DC
:1064A00006E0641C8442FCDB19F804100029F8D1D2
:1064B000264404E019F8010B52460D999047641EDA
:1064C000F8D257E001CF4FF00A0B002802DA404221
:1064D0002D2102E0210504D52B218DF82410012166
:1064E00003E0E10705D02021F7E70DF1200908912D
:1064F0000CE00021F9E701CF4FF00A0BF9E759460C
:10650000FAF7B2F901F1300209F8012D0028F6D1AD
:10651000ADEB090000F1200B600701D44FF001083A
:10652000D84502DDA8EB0B0000E0002080460024E7
:1065300006E009A85246005D0D999047641C761C40
:1065400008988442F5DB04E0302052460D999047CC
:10655000761CB8F10001A8F10108F5DC05E019F896
:10656000010B52460D999047761CBBF10001ABF12F
:10657000010BF4DC6D1C34E7092801002DE9F84F0C
:1065800004460D4621F0004000917349814211DC20
:106590007249884201DC06D12CB120462946BDE86B
:1065A000F84FFFF7E7BE6E48002DCCBF6D496E492E
:1065B000BDE8F88F6D49814211DD6D498142D8BF38
:1065C0004FF0FF366DDD20462946FFF767FB0428B4
:1065D00008BFFFF7D9FE20462946BDE8F88F654978
:1065E000654F25F00045814233DD6449814219DD64
:1065F000002632464FF0804320462946F9F7DCFE5C
:1066000080468A46012220462946FAF708FA0022E7
:106610003B46F9F772FF42465346F9F7E6FF044658
:106620000D463EE001260022BA463B46204629465A
:10663000F9F7C2FE80460F460022534620462946FF
:10664000F9F75BFF42463B46F9F7CFFF04460D469C
:1066500027E04B4981421BDDDFF828A102260022FA
:10666000534620462946F9F74EFF00223B46F9F7EC
:10667000A3FE80460F460022534620462946F9F7DE
:106680003CFF42463B46F9F7B0FF04460D4608E0A2
:10669000032622462B4600203B49F9F7A6FF044675
:1066A0000D4622462B4610461946F9F72CFF8B461D
:1066B000824602460B46F9F726FF07460246334854
:1066C00088460B4606217844FFF7C0FC52465B46DD
:1066D000F9F719FF82462E488B463A464346052174
:1066E0007844FFF7B3FC3A464346F9F70CFF0246FD
:1066F0000B46002E504659460CDAF9F75DFE22464D
:106700002B46F9F700FF01B022462B46BDE8F04FBB
:10671000F9F7F6BEF9F750FE22462B46F9F7F3FEDD
:106720001C4A7A4402EBC603D3E90023F9F7E5FEDD
:1067300022462B46F9F7E1FE174A7A4402EBC603DC
:10674000D3E90023F9F7DCFE009A002AB8BF81F0F4
:106750000041BDE8F88F0000000010440000F07F09
:10676000182D4454FB21F93FFB21F9BF0000DC3F09
:106770000000203E0000F33F0000F03F0000E63F35
:10678000008003400000F83F0000F0BFEE3300003F
:10679000AC3300004A3300001233000070B50446E9
:1067A0000D46E1B20548FFF762FA00BF40210348F9
:1067B000FFF790F90028F9D0204670BD003801405D
:1067C0001CB54FF4A060FDF7BDFAFBF75FFEFAF7CA
:1067D0003BFEFAF71FFC0220FAF756FD0120FAF7FC
:1067E00053FDFAF785FDFAF767FDFCF795F9FAF71F
:1067F00081FA4FF46130FBF7B9FF4FF46130FCF7D9
:10680000C1F84FF4E130FCF76BF8FBF7EFFDFBF755
:10681000C3F9FAF759FCFAF7BFFCFBF731FA3F224C
:1068200011461046FBF7A0FAFBF7F8F800201A49CA
:1068300008238022CDE900100146FAF789FF4FF4C2
:1068400000511648FCF74BFD6420FAF70BFC4FF49F
:1068500000511248FCF741FD40F26C70FAF702FC5F
:10686000FAF796FE0020FAF7D9FE0120FAF7E5FEC6
:10687000C820FAF7EAFE0220FAF7D8FE08480121FC
:1068800000238022CDE9001006A1094801F0C4FFD1
:1068900001F0E4FA00BFFEE7E08D000800100140BF
:1068A0000000002053746172745F5461736B0000C8
:1068B0008D4300082DE9F04105460E461C48076847
:1068C0001C480068001D00F0A5FE50B9194800687A
:1068D00090F82C1001208840174909688143164818
:1068E0000160681C38B936B112480168091D1348A7
:1068F00000F0CEFE1AE07C190E4800684460BC42ED
:1069000007D20C480168091D0D48006800F0A6FE7A
:106910000CE008480168091D0A48006800F09EFE66
:1069200009480068844201D207480460BDE8F0814C
:10693000BC000020A8000020C0000020300F002074
:10694000B0000020AC000020D800002010B50446A4
:1069500000F0AAFE23480068401C22490860224833
:10696000006840B9204804600846006801280DD13D
:1069700000F0E6F90AE01D48006838B91A480068D6
:10698000C06AE16A884201D8174804601848006864
:10699000401C1749086094F82C10012088401549C4
:1069A0000968084313490860E16A01EB8101124A52
:1069B00002EB8100211D00F06BFE00F0B7FE0B48DA
:1069C000006868B108480068C06AE16A884207D276
:1069D0004FF0805009490860BFF34F8FBFF36F8FAE
:1069E00010BD0000B8000020A8000020C400002056
:1069F000D4000020C0000020600C002004ED00E066
:106A000010B500F051FE10480068D0B90F4800F0F2
:106A100015FE0F4800F012FE0C480E4908600C48A5
:106A20000D49086000221021052001F0B9FB06493C
:106A300008600846006820B108A10348006800F01B
:106A400063FF00F073FE10BDEC000020440F002037
:106A5000580F0020E4000020E8000020546D72511F
:106A60000000000070B523E001F0D2FA134800687E
:106A700008B9012000E00020054602F08FF8BDB9FA
:106A800000F012FE0D48C068C468201D00F0C2FD71
:106A90000B480068401E0A4908600A480068401E0A
:106AA0000849086000F042FE204600F060F800BF90
:106AB000044800680028D7D170BD00001C0F0020DA
:106AC000B8000020B400002070B504460D46206CCC
:106AD00070B1216CE0680844E0606168E068884259
:106AE00001D32068E0602846226CE168F9F78AFB50
:106AF00070BD2DE9F04104460F4615464FF00008E1
:106B0000A66B206C40B9206860BB606801F07CFF18
:106B100080460020606025E07DB93946226CA0687F
:106B2000F9F770FB216CA0680844A060D4E901105B
:106B3000884217D32068A06014E03946226CE068D0
:106B4000F9F760FB216CE068401AE0602168E068BA
:106B5000884203D2216C6068401AE060022D01D1A6
:106B600006B1761E701CA0634046BDE8F08110B5EA
:106B70000446206B00F010FE204600F00DFE10BD14
:106B80000146084A126812680AB9012200E0002290
:106B90000A600A6822B9034A1268D268106800E0E5
:106BA00000207047E400002030B54FF4A0431748A0
:106BB00000F007042CB1C01D20F00700134C041B8B
:106BC0001B1B0246124C22600024114D6C60D01831
:106BD000083820F007000F4C206000240D4D2D6870
:106BE0006C600C4D2D682C601146441A4C60094CA9
:106BF00024680C60084D4C682C60084D4C682C6073
:106C00004FF00044064D2C6030BD00006C0F00209A
:106C1000F8000020000100200801002004010020ED
:106C20000C01002000BFFFF71DFF06480068012887
:106C3000F9D94FF0805004490860BFF34F8FBFF37C
:106C40006F8FF0E7600C002004ED00E02DE9F041CB
:106C500006460D4617469846069C0DB9246000E08E
:106C60002760E66325640121204601F0BBFB00207C
:106C7000A064BDE8F08100002DE9FF5F81460F466A
:106C80009246DDE90E6B109CAAF10100216B01EB2D
:106C9000800828F0070808F0070008B9012000E084
:106CA000002028B940F22B321BA121A0FEF7E6FFFD
:106CB000002507E0795D04F134004155785D00B9A5
:106CC00002E06D1C102DF5D300BF002143200155BB
:106CD000202E00D31F26E66266640020A064201DDB
:106CE00000F0B9FC04F1180000F0B5FC2461C6F115
:106CF0002000A06164620020E06484F850004946EE
:106D00004046039A00F042FC2060BBF1000F01D026
:106D1000CBF80040BDE8FF9F2E2E5C4672656552A1
:106D2000544F535C7372635C7461736B732E6300B6
:106D30004572726F723A25732C25640D0A000000AB
:106D400010B5002407E004EB84010F4A02EB810038
:106D500000F074FC641C202CF5D30C4800F06EFC91
:106D60000B4800F06BFC0B4800F068FC0A4800F090
:106D700065FC0A4800F062FC0448094908600448C0
:106D80000849086010BD0000600C0020E00E0020E3
:106D9000F40E0020080F00201C0F0020300F0020F0
:106DA000AC000020B000002010B50146164800E0FD
:106DB000006803688B42FBD30246436813448B424E
:106DC00004D143684C682344436001460A464B683B
:106DD00013440468A34211D10C4C03682468A342F5
:106DE00008D04B680468646823444B6003681B68E0
:106DF0000B6005E0054B1B680B6001E003680B604E
:106E0000884200D0016010BDF80000200001002081
:106E10002DE9F04104460D4616461F464FF0000886
:106E200065602461B5420CD8F01BA169884202D389
:106E30004FF0010811E0211D0948006800F00EFC28
:106E40000BE0BE4204D2BD4202D34FF0010804E081
:106E5000211D0448006800F001FC4046BDE8F081B7
:106E6000E8000020E400002070B5054600F01CFC9E
:106E7000A86B08B9012400E0002400F057FC20466C
:106E800070BD70B5054600F00FFCA86BE96B884239
:106E900001D1012400E0002400F048FC204670BD30
:106EA0002DE9F3410D460098846C00272CB940F67B
:106EB000CE121AA11FA0FEF7E1FEA06BE16B884283
:106EC00001D2012000E0002028B940F6CF1213A122
:106ED00018A0FEF7D3FEA06BE16B88421BD294F999
:106EE00045602A4669462046FFF703FE0746701CA8
:106EF00060B9606A08B9012000E0002050B904F1CF
:106F0000240001F0EFFD28B1012703E0701C40B21E
:106F100084F8450000BF3846BDE8FC812E2E5C4653
:106F200072656552544F535C7372635C717565751D
:106F3000652E63004572726F723A25732C25640DBD
:106F40000A000000F8B505460F4613480068C068FF
:106F5000C468201D00F05EFBE069012818D1A0691B
:106F600041192B463A462046FFF752FF80B10020D8
:106F700003462A4601460090204601F0DDFE064603
:106F80002EB94FF4027205A10BA0FEF777FE00BFE9
:106F90002046616A8847F8BDE40000202E2E5C463A
:106FA00072656552544F535C7372635C74696D65AE
:106FB00072732E63000000004572726F723A25737F
:106FC0002C25640D0A000000F0B587B070E003982E
:106FD00000280CDA04AE2EB940F2E7223AA141A013
:106FE000FEF74CFED6E90020B168904700BF039839
:106FF00000285DDB059C606908B9012000E00020E5
:1070000010B9201D00F006FB02A800F0C9F80546E3
:1070100003980A284AD2DFE800F00905072C2E451C
:1070200006082D2F00BF00BF00BF00BF0498A26953
:10703000811803462A462046FFF7EAFEC0B12046E3
:10704000616A8847E069012812D100200090049805
:10705000A169421800231946204601F06DFE07463B
:107060002FB940F2213218A11EA0FEF707FE00BF83
:107070001DE000BF1BE000BF0498A061A06908B13B
:10708000012000E0002028B94FF44E720EA115A097
:10709000FEF7F4FDA06941192B462A462046FFF76A
:1070A000B7FE04E0204600F077FB00E000BF00BF21
:1070B00000231A4603A90F48006801F0ADF8002824
:1070C00085D107B0F0BD00002E2E5C46726565527A
:1070D000544F535C7372635C74696D6572732E6395
:1070E000000000004572726F723A25732C25640D02
:1070F0000A000000EC000020F8B505460C4600F040
:1071000087FF684600F04CF80646009820BB44B95B
:10711000B54206D801F042FD31462846FFF712FF7E
:107120001CE03CB10E480068006808B9012000E08E
:1071300000200446A91B22460A48006800F0FAFB1A
:1071400001F02CFD50B94FF0805007490860BFF3A3
:107150004F8FBFF36F8F01E001F020FDF8BD0000FD
:10716000E8000020EC00002004ED00E00A49096876
:10717000096809B9012100E0002121B14FF0FF3178
:10718000064A116006E004490968C968C868034AEC
:107190004168116070470000AC000020D80000205A
:1071A00070B5044601F078FB054607480068854243
:1071B00004D200F00BF80120206001E000202060E4
:1071C00001480560284670BDF40000202DE9F84311
:1071D0002DE021480068C06805681F480068C06845
:1071E000C468201D00F016FA2046616A8847E069ED
:1071F00001281CD1A0694619AE4207D966602461F6
:10720000211D1548006800F029FA10E0002003460F
:107210002A4601460090204601F08EFD07462FB910
:1072200040F292320DA114A0FEF728FD00BF0A48DB
:107230000068006808B9012000E000200028C8D0DC
:107240000548D0F8008010480068034908600E48DF
:10725000C0F80080BDE8F883E40000202E2E5C46D4
:1072600072656552544F535C7372635C74696D65EB
:1072700072732E63000000004572726F723A2573BC
:107280002C25640D0A000000E80000200B4800686F
:10729000401C08B9012000E0002020B9F42208A118
:1072A00011A0FEF7EBFC00BF502080F31188BFF364
:1072B0004F8FBFF36F8F00BF00BFFEE710010020AC
:1072C0002E2E5C4672656552544F535C706F72741B
:1072D0005C525644535C41524D5F434D335C706F7A
:1072E00072742E63000000004572726F723A25734B
:1072F0002C25640D0A00000070B5054600262C46BA
:107300002DB940F281620EA113A0FEF7B7FC164919
:107310006069884201D1012000E0002070B113496A
:10732000A06A884201D1012000E0002030B9A06AA3
:1073300008B9012000E0002000B10126304670BDF0
:107340002E2E5C4672656552544F535C7372635CBB
:107350007461736B732E63004572726F723A25739A
:107360002C25640D0A000000300F0020080F0020BB
:1073700008B500BF6846FFF703FC044620460099A5
:10738000FFF7BAFEFFF720FEF4E770B5044600F001
:107390008BF994F945501AE0A06C38B100212046D1
:1073A000FFF77EFD88B100F01FFC0EE0606A08B9AF
:1073B000012000E0002038B904F1240001F092FB24
:1073C00018B100F011FC00E003E0681E45B2002D8A
:1073D000E2DC00BFFF2084F8450000F0A7F900F0D0
:1073E00063F994F9445010E0206908B9012000E0E5
:1073F000002048B904F1100001F074FB08B100F05E
:10740000F3FB681E45B200E001E0002DECDC00BF9C
:10741000FF2084F8440000F089F970BD2DE9F041A7
:1074200004464FF0000800F0F3FD3E48006808B93C
:10743000FFF7BAFB3C480068204000285FD1A4B1A8
:10744000083404F0070080B104F00700C0F1080020
:10745000044404F0070008B9012000E0002020B92E
:10746000BF2232A13AA0FEF709FC002C47D03C48CD
:107470000068844243D83B4E3046056801E02E4602
:107480002D686868A04202D228680028F7D12548F4
:107490000068854233D0306800F108082868306001
:1074A0006868001B102813D92F1907F0070008B9C6
:1074B000012000E0002020B9EC221CA124A0FEF74E
:1074C000DDFB6868001B78606C603846FFF76CFC79
:1074D000234968680968081A214908600846006855
:1074E00021490968884203D21D4800681E49086086
:1074F0000D4968680968084368600020286001F049
:107500004DFB08F0070008B9012000E0002028B971
:107510004FF4967205A10EA0FEF7B0FB4046BDE801
:10752000F0810000000100200C0100202E2E5C469E
:1075300072656552544F535C706F72745C4D656D2B
:107540004D616E675C686561705F342E630000009A
:107550004572726F723A25732C25640D0A00000083
:1075600004010020F80000200801002006480068FF
:1075700030B10549096801F14800896C491C016076
:107580000148006870470000A8000020001F4FF06D
:1075900080730360001F21F001030360001F034B91
:1075A0000360143802602038704700008D720008B4
:1075B00010B5164B21F00042012486B09A4203DC3C
:1075C0000022134600941CE0114B9A4208D140B9A6
:1075D0004FF00100FEF7F0FEFEF7CFFE06B010BD43
:1075E00003DBFEF7C7FE06B010BD02AAFEF76AFB7A
:1075F00000F00100A4EB40000DF1080C00909CE8A5
:107600000F00FEF779FD06B010BD0000FB21E93F39
:107610000000F07F01460A69D1E901309860D1E9A4
:10762000010358605068884201D18868506000208A
:1076300008611068401E10601068704700F1080172
:1076400041604FF0FF31816000F10801C1600161CC
:1076500000210160704700210161704710B50246AA
:107660000B685C1C0CB9106907E002F1080000E02F
:107670004068446824689C42FAD944684C604C686D
:10768000A160886041600A611468641C146010BDC8
:1076900042684A6093688B609368596091600861A2
:1076A00003685B1C0360704710B500BF502080F377
:1076B0001188BFF34F8FBFF36F8F00BF0B48006877
:1076C000401C0A4908600846006801280DD1084896
:1076D0000068C0B208B9012000E0002028B94FF4CA
:1076E000BD7204A10DA0FEF7C9FA10BD1001002063
:1076F00004ED00E02E2E5C4672656552544F535CDB
:10770000706F72745C525644535C41524D5F434DEE
:10771000335C706F72742E63000000004572726FEC
:10772000723A25732C25640D0A00000010B50B4831
:10773000006828B940F2811209A113A0FEF79EFA51
:1077400006480068401E054908600846006820B9E0
:10775000002080F3118800BF00BF10BD1001002081
:107760002E2E5C4672656552544F535C706F727476
:107770005C525644535C41524D5F434D335C706FD5
:1077800072742E63000000004572726F723A2573A6
:107790002C25640D0A00000070B506463546002E03
:1077A00035D0083D2C461A4960680968084008B180
:1077B000012000E0002028B94FF4A07215A11EA0FE
:1077C000FEF75CFA206808B9012000E0002028B923
:1077D00040F241120FA118A0FEF750FA0C49606860
:1077E0000968084098B1206888B909496068096843
:1077F0008843606000F00CFC134960680968084425
:10780000114908602046FFF7CFFA01F0C7F970BDB3
:107810000C0100202E2E5C4672656552544F535C5D
:10782000706F72745C4D656D4D616E675C6865610B
:10783000705F342E630000004572726F723A2573D8
:107840002C25640D0A000000040100200648006891
:107850004FF47A71B0FBF1F0401E4FF0E021486127
:1078600007200861704700001C00002070B5F8F781
:10787000B3FC0546102D11D305F1E02090F8F0433C
:1078800010480078844201DB012000E0002028B984
:107890004FF42A720CA116A0FEF7F0F91848006800
:1078A00000F4E06017490968884201D8012000E02F
:1078B000002028B94FF42E7203A10DA0FEF7DEF9C7
:1078C00070BD0000140100202E2E5C4672656552CA
:1078D000544F535C706F72745C525644535C415207
:1078E0004D5F434D335C706F72742E630000000077
:1078F0004572726F723A25732C25640D0A000000E0
:107900000CED00E018010020024600200BE0084BBF
:1079100053F8303033B9064B43F8301003EBC00353
:107920005A6002E0401C0828F1D300BF70470000F5
:10793000200C00202DE9F04105460E4617462C4646
:10794000FFF7B2FE94F94400401C10B9002084F8FF
:10795000440094F94500401C10B9002084F845000B
:10796000FFF7E4FEA06B28B93A46314604F1240043
:1079700000F06CF92046FFF708FDBDE8F08100003B
:1079800070B504460025ACB10F48006808B9012065
:1079900000E0002028B940F2CF420CA111A0FEF770
:1079A0006DF900F035FB00212046FEF783FF01F062
:1079B000F5F805463DB94FF080500E490860BFF319
:1079C0004F8FBFF36F8F70BDE00000202E2E5C46FE
:1079D00072656552544F535C7372635C7461736B70
:1079E000732E63004572726F723A25732C25640DF5
:1079F0000A00000004ED00E02DE9F04704460F46C0
:107A00004FF000092CB940F2794226A12BA0FEF7D5
:107A100035F90FB1012000E0002028B940F27A4288
:107A200020A126A0FEF72AF92848006808B90120FD
:107A300000E0002028B940F27B421AA11FA0FEF707
:107A40001DF900F0E5FA224806682068C51920688B
:107A5000B04207D92068A8420BD9B54209D94FF0E6
:107A6000010906E02068A84201D8B54201D94FF0CB
:107A700001092560B9F1000F03D0A81B0021FEF712
:107A800019FF01F08BF88046B8F1000F07D14FF0D5
:107A9000805010490860BFF34F8FBFF36F8FBDE870
:107AA000F08700002E2E5C4672656552544F535C81
:107AB0007372635C7461736B732E63004572726FD3
:107AC000723A25732C25640D0A000000E0000020A6
:107AD000BC00002004ED00E070B50546FFF7E4FDB2
:107AE00015B92D48006800E028460446201DFFF720
:107AF00091FD78B9E06A00EB8000284951F8200038
:107B000040B994F82C100120884025490968814328
:107B100023480160A06A18B104F11800FFF77AFD4C
:107B200020480068401C1F4908601B4800688442C8
:107B300009D1211D1C48FFF7ABFD1C480068401C03
:107B40001A49086009E01A480068401E1849086090
:107B50002046FFF70CF8FFF709FBFFF7E7FD154894
:107B60000068C0B10C480068844214D11248006813
:107B700008B9012000E0002028B940F265420FA1B9
:107B800014A0FEF77BF84FF0805016490860BFF351
:107B90004F8FBFF36F8F70BDA8000020600C0020D6
:107BA000C0000020D40000201C0F0020B4000020E2
:107BB000B8000020C4000020E00000202E2E5C460B
:107BC00072656552544F535C7372635C7461736B7E
:107BD000732E63004572726F723A25732C25640D03
:107BE0000A00000004ED00E0012001490860704730
:107BF000CC00002070B504460D462CB940F6063284
:107C000007A10DA0FEF73AF80F4801681831204689
:107C1000FFF724FD01212846FEF74CFE70BD000051
:107C20002E2E5C4672656552544F535C7372635CD2
:107C30007461736B732E63004572726F723A2573B1
:107C40002C25640D0A000000A800002070B5054630
:107C50000E4614462DB940F6313209A10EA0FEF7AA
:107C60000DF81148016818312846FFF711FD0CB1D5
:107C70004FF0FF3621463046FEF71CFE70BD000077
:107C80002E2E5C4672656552544F535C7372635C72
:107C90007461736B732E63004572726F723A257351
:107CA0002C25640D0A000000A800002070B50546D0
:107CB0002C46002D4BD02649E06A0968C96A8842E3
:107CC00045D2A06900F0004028B921480068C06A88
:107CD000C0F12000A061E16A01EB81011D4A02EBC5
:107CE00081016069884201D1012000E0002050B389
:107CF000201DFFF78FFC78B9E06A00EB8000154982
:107D000051F8200040B994F82C1001208840124905
:107D100009688143104801600D480068C06AE0624C
:107D200094F82C10012088400B49096808430A493F
:107D30000860E16A01EB8101064A02EB8100211D26
:107D4000FFF7A6FC03E002480068C06AE06270BD6D
:107D5000A8000020600C0020C000002070B505467F
:107D60002C462DB940F2AB621AA120A0FDF786FF88
:107D700074B32248006884422AD0FFF795FC20465D
:107D8000FFF7BAFA10B3201DFFF744FC94F82C104B
:107D9000012088401A490968084319490860E16AC6
:107DA00001EB8101174A02EB8100211DFFF770FCF6
:107DB0001249E06A0968C96A884207D34FF08050C7
:107DC00011490860BFF34F8FBFF36F8FFFF7AEFC11
:107DD00070BD00002E2E5C4672656552544F535C98
:107DE0007372635C7461736B732E63004572726FA0
:107DF000723A25732C25640D0A000000A8000020AB
:107E0000C0000020600C002004ED00E010B5044626
:107E10002CB940F6C13205A10AA0FDF72FFF0D488D
:107E2000006820600C480068606010BD2E2E5C4623
:107E300072656552544F535C7372635C7461736B0B
:107E4000732E63004572726F723A25732C25640D90
:107E50000A000000D0000020BC0000201CB51A4819
:107E600000210B468022CDE9001018A1194800F02E
:107E7000D3FC0446012C02D100F022FF0446012C61
:107E800015D100BF502080F31188BFF34F8FBFF38F
:107E90006F8F00BF4FF0FF300F49086001200F497E
:107EA000086000200E49086000F010F90BE0601C2B
:107EB00008B1012000E0002028B940F2847209A135
:107EC0000EA0FDF7DBFE1CBDDC00002049444C4544
:107ED00000000000256C0008D8000020C40000202D
:107EE000BC0000202E2E5C4672656552544F535CD8
:107EF0007372635C7461736B732E63004572726F8F
:107F0000723A25732C25640D0A00000070B50546F1
:107F1000FFF7CAFB15B92C48006800E02846044664
:107F2000201DFFF777FB78B9E06A00EB8000274956
:107F300051F8200040B994F82C10012088402449C1
:107F40000968814322480160A06A18B104F1180051
:107F5000FFF760FB211D1F48FFF79AFBFFF7E6FBC9
:107F60001D48006828B1FFF79FFBFFF7FFF8FFF7F8
:107F7000DDFB15480068844224D117480068A8B189
:107F80001648006808B9012000E0002028B940F236
:107F9000576213A118A0FDF771FE4FF080501A49E7
:107FA0000860BFF34F8FBFF36F8F0BE00948006885
:107FB00016490968884203D100200349086001E09E
:107FC00000F02EF870BD0000A8000020600C00201A
:107FD000C0000020300F0020C4000020E00000207E
:107FE0002E2E5C4672656552544F535C7372635C0F
:107FF0007461736B732E63004572726F723A2573EE
:108000002C25640D0A00000004ED00E0B8000020FB
:1080100002480068401C014908607047E0000020E9
:1080200010B51B48006818B101201A4908602DE0FE
:1080300000201849086018480068B0FA80F0C0F1C4
:108040001F0404EB8400154951F8200008B10120F9
:1080500000E0002028B940F6F62211A116A0FDF795
:108060000DFE04EB84010D4A02EB81004168496872
:10807000416000F1080142688A4202D141684968C2
:1080800041604168C968104A116000BF10BD00001E
:10809000E0000020CC000020C0000020600C002088
:1080A0002E2E5C4672656552544F535C7372635C4E
:1080B0007461736B732E63004572726F723A25732D
:1080C0002C25640D0A000000A80000201CB52248E1
:1080D000014609780191FF21024611700146097895
:1080E00000919DF8001001F050011C4A1170072109
:1080F0001B4A116009E01A490968491E184A1160B3
:108100009DF800104906090E00919DF8001001F03D
:1081100080018029EFD0124909680902104A1160D4
:108120001146098801F4E06111600B4A0199117050
:108130000C48006840F470000A490860084600686E
:1081400040F070400860FFF781FB0020064908609E
:10815000F8F70CF800201CBD00E400E0140100203A
:108160001801002020ED00E01001002010B500BF34
:10817000502080F31188BFF34F8FBFF36F8F00BF84
:1081800000F090FB18B14FF080500449086000BF28
:10819000002080F3118800BF10BD000004ED00E056
:1081A0002DE9F84305460E4690460DB1012000E04A
:1081B000002028B94FF4C4720DA113A0FDF75EFD95
:1081C0000EB9002701E005FB06F707F14C00FFF7A9
:1081D00025F9044644B104F14C0943464A46314668
:1081E00028460094FEF732FD2046BDE8F8830000E3
:1081F0002E2E5C4672656552544F535C7372635CFD
:1082000071756575652E63004572726F723A2573DC
:108210002C25640D0A0000002DE9FF4782B00546B9
:108220000E461F464FF0000A2C462CB940F2DC42A5
:1082300061A167A0FDF722FD0EB9206C08B90120ED
:1082400000E0002028B940F2DD425BA160A0FDF70C
:1082500015FD00F011FB08B9049808B9012000E0F1
:10826000002028B94FF49C6253A159A0FDF706FDE8
:1082700000BFFFF719FAD4F83890B9F1000F3DD0DC
:10828000D4F80C8031462046FEF71EFCDFB9A9F178
:108290000100A063206810B9FFF768F960602069E9
:1082A00008B9012000E0002010BB04F1100000F02C
:1082B00019FCE8B14FF0805049490860BFF34F8F77
:1082C000BFF36F8F14E0C4F80C80606A08B9012016
:1082D00000E0002060B904F1240000F003FC38B194
:1082E0004FF080503E490860BFF34F8FBFF36F8F50
:1082F000FFF71CFA012006B0BDE8F087049818B912
:10830000FFF714FA0020F6E7BAF1000F04D168462F
:10831000FFF77CFD4FF0010AFFF708FAFFF778FE40
:10832000FFF7C2F994F94400401C10B9002084F80A
:10833000440094F94500401C10B9002084F8450021
:10834000FFF7F4F904A9684600F014FA40BB204690
:10835000FEF78AFDF0B1206830B9FFF7A5F9606833
:10836000FFF7A4FCFFF7E2F904F124000499FFF7FA
:1083700041FC2046FFF709F800F010FC00287FF4CC
:1083800078AF4FF0805016490860BFF34F8FBFF3AE
:108390006F8F6EE72046FEF7F8FF00F0FFFB68E7FF
:1083A0002046FEF7F2FF00F0F9FB2046FEF75CFDE9
:1083B0000028EED000209EE72E2E5C4672656552A6
:1083C000544F535C7372635C71756575652E630001
:1083D0004572726F723A25732C25640D0A000000F5
:1083E00004ED00E070B505460E462C462CB940F26F
:1083F0001B121EA123A0FDF741FCFFF755F9D4E99C
:108400000F12206801FB020060600020A06320685A
:10841000A060E06B401E226C216800FB0210E0604F
:10842000FF2084F8440084F845009EB9206908B90B
:10843000012000E00020A8B904F1100000F052FB78
:1084400080B14FF0805013490860BFF34F8FBFF3E6
:108450006F8F07E004F11000FFF7F0F804F124003B
:10846000FFF7ECF8FFF762F9012070BD2E2E5C4695
:1084700072656552544F535C7372635C71756575B8
:10848000652E63004572726F723A25732C25640D58
:108490000A00000004ED00E02DE9FF4383B006462A
:1084A00088461D464FF0000934462CB940F2D922C7
:1084B00060A166A0FDF7E2FBB8F1000F01D1206CCE
:1084C00008B9012000E0002028B940F2DA2259A1C1
:1084D0005EA0FDF7D3FB022D02D1E06B012801D194
:1084E000012000E0002028B940F2DB2251A157A072
:1084F000FDF7C4FB00F0C0F908B9059808B90120E0
:1085000000E0002028B940F2DE224AA14FA0FDF78A
:10851000B5FB00BFFFF7C8F8A06BE16B884201D341
:10852000022D38D12A4641462046FEF7E2FA074698
:10853000A06C68B129462046FEF7B2FC28B34FF084
:10854000805046490860BFF34F8FBFF36F8F1CE028
:10855000606A08B9012000E0002068B904F1240035
:1085600000F0C0FA88B14FF080503C490860BFF37A
:108570004F8FBFF36F8F08E03FB14FF08050374906
:108580000860BFF34F8FBFF36F8FFFF7CFF8012065
:1085900007B0BDE8F083059818B9FFF7C7F80020C9
:1085A000F6E7B9F1000F04D101A8FFF72FFC4FF057
:1085B0000109FFF7BBF8FFF72BFDFFF775F894F9FA
:1085C0004400401C10B9002084F8440094F9450090
:1085D000401C10B9002084F84500FFF7A7F805A952
:1085E00001A800F0C7F8F0B92046FEF74AFCA0B198
:1085F00004F110000599FFF7FDFA2046FEF7C5FECD
:1086000000F0CCFA002885D14FF080501349086063
:10861000BFF34F8FBFF36F8F7CE72046FEF7B5FEA9
:1086200000F0BCFA76E72046FEF7AFFE00F0B6FA9F
:108630000020ADE72E2E5C4672656552544F535CA8
:108640007372635C71756575652E63004572726F38
:10865000723A25732C25640D0A00000004ED00E039
:108660002DE9F05F80468A4615461E4644462CB9E1
:1086700040F29F3235A13BA0FDF700FBBAF1000F9D
:1086800001D1206C08B9012000E0002028B94FF486
:1086900068722EA133A0FDF7F1FA022E02D1E06B31
:1086A000012801D1012000E0002028B940F2A132C8
:1086B00026A12CA0FDF7E2FAFFF7D8F800BF502161
:1086C000EFF3118081F31188BFF34F8FBFF36F8FEA
:1086D00000BF0746A06BE16B884201D3022E2BD16D
:1086E00094F945B0324651462046FEF702FA0BF1A6
:1086F0000100C8B9A06C40B131462046FEF7D0FB5E
:10870000B8B1B5B10120286013E0606A08B9012052
:1087100000E0002068B904F1240000F0E3F940B162
:108720003DB10120286004E00BF1010040B284F863
:1087300045004FF0010901E04FF0000900BF87F349
:10874000118800BF4846BDE8F09F00002E2E5C4611
:1087500072656552544F535C7372635C71756575D5
:10876000652E63004572726F723A25732C25640D75
:108770000A0000002DE9F04104460D462CB940F6F0
:10878000CB3219A11EA0FDF779FA2DB940F6CC32F3
:1087900015A11BA0FDF772FAFEF786FF1C480768BB
:1087A0002868401C08B9002619E01A4920680968A1
:1087B000884204D06068B84201D801260FE06068A2
:1087C000381A2968884209D228686168791A401ADB
:1087D00028602046FFF71AFB002600E00126FEF77E
:1087E000A5FF3046BDE8F0812E2E5C4672656552CD
:1087F000544F535C7372635C7461736B732E6300CC
:108800004572726F723A25732C25640D0A000000C0
:10881000BC000020D00000202DE9FF4F85B080462D
:1088200089461746DDE912ABB800FEF7F7FD0646AC
:1088300056B15420FEF7F2FD04460CB1266304E065
:108840003046FEF7A9FF00E000247CB10020CDE90E
:1088500000ABCDE902403A4649464046089BFEF748
:108860000BFA2046FEF772F8012501E04FF0FF35C4
:10887000284609B0BDE8F08F0549096809B901200B
:1088800005E00449096809B9022000E000207047AA
:10889000C4000020E0000020014908687047000083
:1088A000BC0000202DE9F0414FF00008414800686D
:1088B000002872D140480068451C3F480560EDB96A
:1088C0003E480068006808B9012000E0002028B98F
:1088D00040F6D9123AA140A0FDF7D0F93748076811
:1088E00041480068354908603F4807603F480068D4
:1088F000401C3E490860FEF739FC00BF3C48006858
:1089000085423CD300BF2D480068006808B90120AB
:1089100000E0002020B14FF0FF30354908602DE025
:1089200026480068C068C4686668B54202D230480C
:10893000066023E0201DFEF76DFEA06A18B104F169
:108940001800FEF767FE94F82C1001208840294992
:108950000968084327490860E16A01EB8101264A5A
:1089600002EB8100211DFEF793FE2449E06A0968AD
:10897000C96A8842C7D34FF00108C4E700BF1F4847
:108980000068C06A00EB80001B4951F820000128F4
:1089900001D94FF0010805E0FFE719480068401CC5
:1089A000174908601748006808B14FF001084046B1
:1089B000BDE8F081E0000020BC000020AC000020F9
:1089C0002E2E5C4672656552544F535C7372635C25
:1089D0007461736B732E63004572726F723A257304
:1089E0002C25640D0A000000B0000020D0000020FB
:1089F000D8000020C0000020600C0020A80000204B
:108A0000C8000020CC00002070B505462C4600268A
:108A1000002D4BD026480068844201D1012000E09F
:108A2000002028B940F6C76222A128A0FDF726F948
:108A3000A06C28B940F6C9621EA124A0FDF71EF95A
:108A4000A06C401EA064616CE06A88422ED0A06CCD
:108A500060BB201DFEF7DEFD78B9E06A00EB800008
:108A60001E4951F8200040B994F82C10012088408C
:108A70001B49096881431A480160606CE062E06A42
:108A8000C0F12000A06194F82C1001208840144906
:108A90000968084312490860E16A01EB81010F4A45
:108AA00002EB8100211DFEF7F3FD0126304670BD6B
:108AB000A80000202E2E5C4672656552544F535C10
:108AC0007372635C7461736B732E63004572726FB3
:108AD000723A25732C25640D0A000000600C0020FA
:108AE000C000002070B50646F068C4682CB940F696
:108AF00061321AA11FA0FDF7C1F804F11800FEF7BA
:108B000089FD20480068A8B9201DFEF783FD94F870
:108B10002C10012088401C49096808431A49086044
:108B2000E16A01EB8101194A02EB8100211DFEF788
:108B3000AFFD04E004F118011548FEF7A9FD154941
:108B4000E06A0968C96A884204D9012501201249EE
:108B5000086000E00025284670BD00002E2E5C460F
:108B600072656552544F535C7372635C7461736BCE
:108B7000732E63004572726F723A25732C25640D53
:108B80000A000000E0000020C0000020600C00206F
:108B9000080F0020A8000020CC00002070B50024A1
:108BA00000263448006828B94FF4FD6232A138A08D
:108BB000FDF764F8FEF778FD2E480068401E2D4949
:108BC00008600846006800284FD135480068002832
:108BD0004BD024E03348C068C46804F11800FEF7A5
:108BE00019FD201DFEF716FD94F82C100120884079
:108BF0002D49096808432C490860E16A01EB8101AD
:108C00002A4A02EB8100211DFEF742FD2849E06A55
:108C10000968C96A884202D30120264908602148B0
:108C2000006808B9012000E000200028D2D00CB173
:108C3000FEF79CFA2048056865B100BFFFF732FED9
:108C400010B101201B4908606D1E002DF6D10020D7
:108C5000194908601748006838B1012630071749DC
:108C60000860BFF34F8FBFF36F8FFEF75FFD304695
:108C700070BD0000E00000202E2E5C46726565523B
:108C8000544F535C7372635C7461736B732E630037
:108C90004572726F723A25732C25640D0A0000002C
:108CA000B8000020080F0020C0000020600C002049
:108CB000A8000020CC000020C800002004ED00E047
:108CC0001CB50024FDF79CFE0B48006858B10B480A
:108CD0001F2100234FF48072CDE9001008A10A483B
:108CE000FFF79AFD04462CB940F2331207A10EA0FB
:108CF000FCF7C4FF20461CBDEC000020F000002063
:108D0000546D722053766300717300082E2E5C46FA
:108D100072656552544F535C7372635C74696D6520
:108D200072732E63000000004572726F723A2573F1
:108D30002C25640D0A0000002DE9FF4704460D466E
:108D400016461F46DDF830804FF000092CB94FF46D
:108D5000D37217A11DA0FCF791FF2048006810B343
:108D6000009501960294062D15DAFFF785FD02287D
:108D700008D100234246694618480068FFF78CFB7B
:108D8000814610E000231A46694614480068FFF740
:108D900083FB814607E000233A4669460F48006896
:108DA000FFF75EFC8146484604B0BDE8F08700004E
:108DB0002E2E5C4672656552544F535C7372635C31
:108DC00074696D6572732E63000000004572726FE6
:108DD000723A25732C25640D0A000000EC00002077
:108DE0000000000000000000000000000000000083
:108DF0000000000000000000000000000000000073
:108E00000000000000000000000000000000000062
:108E10000000000000000000000000000000000052
:108E20000000000000000000000000000000000042
:108E30000000000000000000000000000000000032
:108E40000000000000000000000000000000000022
:108E50000000000000000000000000000000000012
:108E60000000000000000000000000000000000002
:108E700000000000000000000000000000000000F2
:108E800000000000000000000000000000000000E2
:108E900000000000000000000000000000000000D2
:108EA00000000000000000000000000000000000C2
:108EB00000000000000000000000000000000000B2
:108EC00000000000000000000000000000000000A2
:108ED0000000000000000000000000000000000092
:108EE000000000000000020E1E7EFEFEFEF8E00004
:108EF000000080E0F8FCFEFE7E1E0602001E1E1E24
:108F00001E1E1E1EFEFEFEFEFE1E1E1E1E1E1E1E21
:108F10000000000000000000E0FCFEFE7EFEFEFE01
:108F2000FCE00000000000000000000000FEFEFE6B
:108F3000FEFE1E1E1E1E1E1E3EFEFCFCFCF8E00079
:108F400000000000FEFEFEFEFE0000000080E0F0DB
:108F5000F8FEFE7E1E0E060200000000000000006B
:108F6000000000000000000000000107CFFFFFFF2D
:108F7000FCFEFFFFDF070300000000000000000010
:108F800000000000FFFFFFFFFF00000000000000E6
:108F90000000000000E0F8FFFFFF1F030000073F94
:108FA000FFFFFFF8E00000000000000000FFFFFFEF
:108FB000FFFFF0F0F0F0F0F8FCBFBF3F1F0F030021
:108FC00000000000FFFFFFFFFF70F8FEFFFFFFCF74
:108FD0008701000000000000000000000000000009
:108FE00000000000000000C0E0F8FCFFFF3F0F079A
:108FF00000030F3FFFFFFEF8F0C00000000000007C
:1090000000000000FFFFFFFFFF0000000000000065
:109010000000C0F8FFFFFF7F0F0F0F0F0F0F0F0FA4
:109020000F0F7FFFFFFFF8C00000000000FFFFFFF1
:10903000FFFF0000000101071F3FFFFFFEF8F0C027
:1090400000000000FFFFFFFFFF000001070F1F3FB0
:10905000FFFEFCF8F0C080000000000000000000EF
:1090600000000000000203030303030300000000EC
:1090700000000000000303030303030200000000DC
:1090800000000000030303030300000000000000D1
:1090900000020303030303000000000000000000BF
:1090A00000000003030303030200000000030303A6
:1090B000030300000000000000000003030303039B
:1090C000030200000303030303000000000000008C
:1090D000000103030303030302000000000000007B
:1090E0000000000000000000000000000000000080
:1090F0000000000000000000000000000000000070
:10910000000000000000000000000000000000005F
:10911000000000000000000000000000000000004F
:10912000000000000000000000000000000000003F
:10913000000000000000000000000000000000002F
:10914000000000000000000000000000000000001F
:10915000000000000000000000000000000000000F
:1091600000000000000000000000000000000000FF
:1091700000000000000000000000000000000000EF
:1091800000000000000000000000000000000000DF
:1091900000000000000000000000000000000000CF
:1091A00000000000000000000000000000000000BF
:1091B00000000000000000000000000000000000AF
:1091C000000000000000000000000000000000009F
:1091D000000000000000000000000000000000008F
:1091E000FF0000FFFF0000FF00FFFFFFFFFFFF0089
:1091F00000FF00FFFFFF00FF000000FF0000FF0076
:10920000000000000000000000000000000000005E
:10921000000000000000000000000000000000004E
:1092200000FF0000FF000000000000000000000040
:109230000000000000000000000000F80000000036
:10924000000000333000000000100C06100C060077
:10925000000000000000000040C07840C0784000DE
:10926000043F04043F040400007088FC0830000040
:10927000001820FF211E0000F008F000E018000098
:1092800000211C031E211E0000F008887000000051
:109290001E2123241927211010160E0000000000A3
:1092A0000000000000000000000000E018040200C0
:1092B000000000071820400000020418E000000031
:1092C0000040201807000000404080F0804040002F
:1092D0000202010F01020200000000F00000000085
:1092E0000101011F01010100000000000000000059
:1092F00080B07000000000000000000000000000CE
:109300000001010101010101000000000000000056
:1093100000303000000000000000000080601804F1
:10932000006018060100000000E010080810E000CE
:10933000000F102020100F00001010F80000000097
:109340000020203F202000000070080808887000DE
:10935000003028242221300000300888884830005E
:109360000018202020110E000000C02010F800007E
:1093700000070424243F240000F808888808080017
:109380000019212020110E0000E01088881800002C
:10939000000F112020110E0000380808C8380800FE
:1093A0000000003F0000000000708808088870007E
:1093B000001C222121221C0000E010080810E000FF
:1093C0000000312222110F00000000C0C000000088
:1093D00000000030300000000000008000000000AD
:1093E00000008060000000000000804020100800A5
:1093F000000102040810200040404040404040006E
:109400000404040404040400000810204080000048
:109410000020100804020100007048080808F0004D
:109420000000003036010000C030C828E810E0001D
:109430000718272423140B000000C038E0000000A8
:10944000203C23020227382008F888888870000012
:10945000203F202020110E00C030080808083800E6
:10946000071820202010080008F808080810E0005D
:10947000203F202020100F0008F88888E8081000FE
:10948000203F20202320180008F88888E8081000D2
:10949000203F200003000000C0300808083800000A
:1094A00007182020221E020008F808000008F8080B
:1094B000203F210101213F20000808F80808000092
:1094C0000020203F2020000000000808F8080800C5
:1094D000C08080807F00000008F888C0281808003D
:1094E000203F20012638200008F808000000000076
:1094F000203F20202020300008F8F800F8F808006D
:10950000203F003F003F200008F830C00008F80866
:10951000203F200007183F00E01008080810E00076
:109520000F10202020100F0008F808080808F0008D
:10953000203F210101010000E01008080810E000B0
:109540000F18242438504F0008F888888888700045
:10955000203F2000030C30200070880808083800E5
:109560000038202121221C00180808F808081800DB
:109570000000203F2000000008F808000008F8085C
:10958000001F202020201F000878880000C838080D
:10959000000007380E010000F80800F80008F80085
:1095A000033C0700073C030008186880806818081F
:1095B00020302C03032C30200838C800C83808009D
:1095C0000000203F2000000010080808C8380800EC
:1095D0002038262120201800000000FE0202020090
:1095E0000000007F40404000000C30C00000000040
:1095F000000000010638C00000020202FE00000068
:10960000004040407F00000000000402020204000D
:10961000000000000000000000000000000000004A
:109620008080808080808080000202040000000032
:10963000000000000000000000008080808000002A
:109640000019242222223F2008F800808000000018
:10965000003F112020110E000000008080800000DB
:10966000000E112020201100000000808088F800EA
:10967000000E112020103F2000008080808000001C
:10968000001F222222221300008080F08888881880
:109690000020203F2020000000008080808080008B
:1096A000006B94949493600008F800808080000020
:1096B000203F210000203F200080989800000000FB
:1096C0000020203F2020000000000080989800002B
:1096D00000C08080807F000008F80000808080004B
:1096E000203F24022D302000000808F80000000070
:1096F0000020203F2020000080808080808080002B
:10970000203F20003F20003F8080008080800000BC
:10971000203F210000203F2000008080808000004A
:10972000001F202020201F0080800080800000007B
:1097300080FFA12020110E000000008080808000AA
:10974000000E112020A0FF8080808000808080009B
:1097500020203F21200001000000808080808000C8
:109760000033242424241900008080E0808000003D
:109770000000001F2020000080800000008080008A
:10978000001F202020103F208080800000808080EB
:1097900000010E300806010080800080008080807B
:1097A0000F300C030C300F000080800080808000A0
:1097B0000020312E0E3120008080800000808080CB
:1097C00080818E701806010000808080808080007B
:1097D0000021302C2221300000000000807C020299
:1097E00000000000003F404000000000FF000000BB
:1097F00000000000FF0000000002027C800000006A
:109800000040403F00000000000601010202040485
:109810000000000000000000000000000000000048
:10982000002F000000000700070000147F147F14C1
:1098300000242A7F2A120062640813230036495547
:10984000225000000503000000001C22410000001F
:1098500041221C000014083E08140008083E0808B5
:10986000000000A060000008080808080000606010
:109870000000002010080402003E5149453E00004F
:10988000427F4000004261514946002141454B3131
:10989000001814127F10002745454539003C4A49FD
:1098A000493000017109050300364949493600066F
:1098B0004949291E000036360000000056360000D7
:1098C0000008142241000014141414140000412252
:1098D000140800020151090600324959513E007C2A
:1098E0001211127C007F49494936003E4141412214
:1098F000007F4141221C007F49494941007F0909FD
:109900000901003E4149497A007F0808087F0000AC
:10991000417F4100002040413F01007F0814224167
:10992000007F40404040007F020C027F007F04081F
:10993000107F003E4141413E007F09090906003E7B
:109940004151215E007F09192946004649494931A4
:109950000001017F0101003F4040403F001F2040C7
:10996000201F003F4038403F006314081463000785
:109970000870080700615149454300007F414100DC
:1099800000552A552A55000041417F00000402017C
:10999000020400404040404000000102040000205A
:1099A00054545478007F4844443800384444442098
:1099B00000384444487F00385454541800087E0945
:1099C00001020018A4A4A47C007F0804047800000D
:1099D000447D4000004080847D00007F10284400CA
:1099E0000000417F4000007C04180478007C0804DB
:1099F000047800384444443800FC24242418001817
:109A0000242418FC007C0804040800485454542002
:109A100000043F444020003C4040207C001C20408B
:109A2000201C003C4030403C004428102844001CCE
:109A3000A0A0A07C004464544C44141414141414C6
:109A400001420000000000000000000000000000D3
:109A50004FBB610567ACDD3F182D4454FB21E93F46
:109A60009BF681D20B73EF3F182D4454FB21F93F35
:109A7000E2652F227F2B7A3C075C143326A6813CBB
:109A8000BDCBF07A8807703C075C143326A6913C66
:109A9000C4EB98999999C9BF711623FEC671BCBFD2
:109AA0006D9A74AFF2B0B3BF9AFDDE522DDEADBF3A
:109AB0002F6C6A2C44B4A2BF0D5555555555D53F52
:109AC000FF8300922449C23F6E204CC5CD45B73F6D
:109AD000513DD0A0660DB13FEB0D76244B7BA93FE5
:109AE00011DA22E33AAD903F00004054FB21F93FE8
:109AF0003163621A61B4D03D0000601A61B4D03D98
:109B00007370032E8A19A33B0000002E8A19A33B11
:109B1000C14920259A837B39000000000000000025
:109B20006E83F9A22915444ED15727FCC0DD34F5C8
:109B3000999562DB4190433CAB6351FE61C5BBDE4E
:109B40003A6E24B7E0D24D42EA2E49061C92D10962
:109B50001CEB1DFE3EA729B1F53582E88444BB2EDF
:109B600026709CE9417E5FB439D69139F43953832C
:109B70008B5F849C3B28F9BDFF97F81F0F9805DE8B
:109B80008B112FEF1F6D0A5ACF7E366DB709CB2789
:109B9000663F464F2DEA5F9EC7BA27757BF1E5EB1E
:109BA000F739073DEA92528AB15FFB6B085D8D1F62
:109BB0007AFE10111111C13F37D60684F464963F26
:109BC000280356C9226D6D3F0165F2F2D844433F28
:109BD000A69237A0887E143F735360DBCB75F3BE2B
:109BE000FE41B31BBAA1AB3F93846EE9E326823FEB
:109BF0001583E0FEC8DB573F68108D1AF726303F0B
:109C0000E9A7F0320FB8123FD47ABF74702AFB3E36
:109C1000309C00080000002038010000700A000895
:109C20005C9C00083801002038620000A86300082E
:109C3000011D84A24A0400091E010203040607084C
:109C400009165802200301023A01797001781AAA14
:0C9C500001C129F869FC85020406080027
:0400000508000131BD
:00000001FF
